incluido;revision;motivo_revision;grupo;id_contrato;referencia;confianza;categorias;entidad;nit_entidad;tipo_contrato;modalidad;unspsc;proveedor;tipo_doc_prov;doc_proveedor;valor_inicial;adicion_cuantificada;pct_adicion_sobre_inicial;fuente_adicion;valor_contrato;valor_pagado;fecha_firma;fecha_inicio;fecha_fin;dias_adicionados;estado;n_modif_registradas;n_modif_publicadas;dias_extendidos_total;objeto;url_proceso
SI;No requirio revision (evidencia alta);;A_PROVEEDOR_SERVICIO;CO1.PCCNTR.8850155;4143.010.26.1.0579.2026;ALTA;ALIMENTACION_CATERING;SECRETARIA DE EDUCACION DE CALI;890399011;Prestación de servicios;Licitación pública;V1.90101800;UNION TEMPORAL NUTRIENDO CALI 2026;No Definido;No Definido;;;;;37795283401.93;0;2026-01-15;2026-01-20;2026-10-26;0;Modificado;5;3;0;"CONTRATAR LA PRESTACIÓN DEL SERVICIO PARA BRINDAR COMPLEMENTO ALIMENTARIO DEL PROGRAMA DE ALIMENTACIÓN ESCOLAR - PAE DURANTE EL CALENDARIO ESCOLAR Y EN LA JORNADA ACADÉMICA DE LOS NIÑOS; NIÑAS; ADOLESCENTES Y JÓVENES DE SANTIAGO DE CALI DISTRITO ESPECIAL DEPORTIVO; CULTURAL; TURÍSTICO; EMPRESARIAL Y DE SERVICIOS FOCALIZADOS EN LA ESTRATEGIA; DE ACUERDO CON LOS LINEAMIENTOS DEL MINISTERIO DE EDUCACIÓN NACIONAL Y LA UNIDAD ADMINISTRATIVA ESPECIAL DE ALIMENTACIÓN ESCOLAR";https://community.secop.gov.co/Public/Tendering/OpportunityDetail/Index?noticeUID=CO1.NTC.9193041&isFromPublicArea=True&isModal=true&asPopupView=true
SI;No requirio revision (evidencia alta);;A_PROVEEDOR_SERVICIO;CO1.PCCNTR.8850314;4143.010.26.1. 0576.2026;ALTA;ALIMENTACION_CATERING;SECRETARIA DE EDUCACION DE CALI;890399011;Prestación de servicios;Licitación pública;V1.90101800;ORGANIZACION EMPRESARIAL NRC S.A;NIT;800027291;;;;;37208427317.71;0;2026-01-15;2026-01-20;2026-10-26;0;Modificado;5;3;0;"CONTRATAR LA PRESTACIÓN DEL SERVICIO PARA BRINDAR COMPLEMENTO ALIMENTARIO DEL PROGRAMA DE ALIMENTACIÓN ESCOLAR - PAE DURANTE EL CALENDARIO ESCOLAR Y EN LA JORNADA ACADÉMICA DE LOS NIÑOS; NIÑAS; ADOLESCENTES Y JÓVENES DE SANTIAGO DE CALI DISTRITO ESPECIAL DEPORTIVO; CULTURAL; TURÍSTICO; EMPRESARIAL Y DE SERVICIOS FOCALIZADOS EN LA ESTRATEGIA; DE ACUERDO CON LOS LINEAMIENTOS DEL MINISTERIO DE EDUCACIÓN NACIONAL Y LA UNIDAD ADMINISTRATIVA ESPECIAL DE ALIMENTACIÓN ESCOLAR";https://community.secop.gov.co/Public/Tendering/OpportunityDetail/Index?noticeUID=CO1.NTC.9193041&isFromPublicArea=True&isModal=true&asPopupView=true
SI;No requirio revision (evidencia alta);;A_PROVEEDOR_SERVICIO;CO1.PCCNTR.8849869;4143.010.26.1.0577.2026;ALTA;ALIMENTACION_CATERING;SECRETARIA DE EDUCACION DE CALI;890399011;Prestación de servicios;Licitación pública;V1.90101800;Fundacion Prodesarrollo Comunitario Accion por Colombia;NIT;900034686;;;;;36837759134.66;0;2026-01-15;2026-01-20;2026-10-26;0;Modificado;3;2;0;"CONTRATAR LA PRESTACIÓN DEL SERVICIO PARA BRINDAR COMPLEMENTO ALIMENTARIO DEL PROGRAMA DE ALIMENTACIÓN ESCOLAR - PAE DURANTE EL CALENDARIO ESCOLAR Y EN LA JORNADA ACADÉMICA DE LOS NIÑOS; NIÑAS; ADOLESCENTES Y JÓVENES DE SANTIAGO DE CALI DISTRITO ESPECIAL DEPORTIVO; CULTURAL; TURÍSTICO; EMPRESARIAL Y DE SERVICIOS FOCALIZADOS EN LA ESTRATEGIA; DE ACUERDO CON LOS LINEAMIENTOS DEL MINISTERIO DE EDUCACIÓN NACIONAL Y LA UNIDAD ADMINISTRATIVA ESPECIAL DE ALIMENTACIÓN ESCOLAR";https://community.secop.gov.co/Public/Tendering/OpportunityDetail/Index?noticeUID=CO1.NTC.9193041&isFromPublicArea=True&isModal=true&asPopupView=true
SI;No requirio revision (evidencia alta);;A_PROVEEDOR_SERVICIO;CO1.PCCNTR.8850153;4143.010.26.1.0578.2026;ALTA;ALIMENTACION_CATERING;SECRETARIA DE EDUCACION DE CALI;890399011;Prestación de servicios;Licitación pública;V1.90101800;(CON) ALIMENTANDO CALI 2026;No Definido;No Definido;;;;;34683577839.62;0;2026-01-15;2026-01-20;2026-10-26;0;Modificado;4;2;0;"CONTRATAR LA PRESTACIÓN DEL SERVICIO PARA BRINDAR COMPLEMENTO ALIMENTARIO DEL PROGRAMA DE ALIMENTACIÓN ESCOLAR - PAE DURANTE EL CALENDARIO ESCOLAR Y EN LA JORNADA ACADÉMICA DE LOS NIÑOS; NIÑAS; ADOLESCENTES Y JÓVENES DE SANTIAGO DE CALI DISTRITO ESPECIAL DEPORTIVO; CULTURAL; TURÍSTICO; EMPRESARIAL Y DE SERVICIOS FOCALIZADOS EN LA ESTRATEGIA; DE ACUERDO CON LOS LINEAMIENTOS DEL MINISTERIO DE EDUCACIÓN NACIONAL Y LA UNIDAD ADMINISTRATIVA ESPECIAL DE ALIMENTACIÓN ESCOLAR";https://community.secop.gov.co/Public/Tendering/OpportunityDetail/Index?noticeUID=CO1.NTC.9193041&isFromPublicArea=True&isModal=true&asPopupView=true
SI;CONFIRMADO en revision manual;"Festival Petronio Álvarez XXX; operador de eventos del Distrito";A_PROVEEDOR_SERVICIO;CO1.PCCNTR.9683605;4148.010.27.1.0016-2026;ALTA;LOGISTICA_EVENTOS;SANTIAGO DE CALI  DISTRITO ESPECIAL - SECRETARIA DE CULTURA;890399011;Otro;Contratación directa;V1.93141700;Corporación de Eventos, Ferias y Espectáculos de Cali;NIT;800152075;;;;;20644713015;0;2026-07-17;2026-07-22;2026-11-15;0;Modificado;1;1;0;"Aunar esfuerzos técnicos; logísticos; humanos; administrativos y financieros para realizar las acciones que visibilizan y fortalecen el proceso y la realización del Festival de Música del Pacífico Petronio Álvarez en su versión XXX; en el marco de los proyectos de inversión destinados para tal fin";https://community.secop.gov.co/Public/Tendering/OpportunityDetail/Index?noticeUID=CO1.NTC.10536695&isFromPublicArea=True&isModal=true&asPopupView=true
SI;No requirio revision (evidencia alta);;A_PROVEEDOR_SERVICIO;CO1.PCCNTR.9774151;1.210.20.01-8372;ALTA;ALIMENTACION_CATERING;GOBERNACION DEL VALLE DEL CAUCA - SECRETARIA DE EDUCACION;890399029;Decreto 092 de 2017;Contratación régimen especial;V1.85151501;FUNDACIÓN PARA LA CAPACITACIÓN  DESARROLLO Y BIENESTAR HUMANO;NIT;900199142;;;;;15714285715;0;2026-08-06;;2026-12-31;0;Aprobado;0;0;0;"AUNAR ESFUERZOS TÉCNICOS; ADMINISTRATIVOS Y FINANCIEROS PARA EL FORTALECIMIENTO DE LOS EJES ESTRUCTURALES Y LOS MECANISMOS DE CONTROL SOCIAL Y PARTICIPACIÓN CIUDADANA EN LA PRESTACION Y LA EJECUCIÓN DEL PROGRAMA DE ALIMENTACIÓN ESCOLAR DE LOS MUNICIPIOS NO CERTIFICADOS DEL VALLE DEL CAUCA";https://community.secop.gov.co/Public/Tendering/OpportunityDetail/Index?noticeUID=CO1.NTC.10659583&isFromPublicArea=True&isModal=true&asPopupView=true
SI;No requirio revision (evidencia alta);;A_PROVEEDOR_SERVICIO;CO1.PCCNTR.9494410;4161.010.26.1.848.2026;ALTA;ALIMENTACION_CATERING;SANTIAGO DE CALI DISTRITO ESPECIAL - SECRETARIA DE SEGURIDAD Y JUSTICIA;890399011;Suministros;Selección abreviada subasta inversa;V1.90101700;UT ALIMENTACION INTEGRAL CALI 2026;No Definido;No Definido;7900000000;3950000000;50.0;Monto leído en el documento del expediente (RPC/CDP/ficha técnica del otrosí);11850000000;0;2026-05-06;2026-05-06;2026-07-16;11;Modificado;2;2;22;"SUMINISTRO DE ALIMENTACIÓN PREPARADA; EMPACADA Y ENTREGADA INDIVIDUALMENTE EN SITIO; PARA LA POBLACIÓN PRIVADA DE LA LIBERTAD - PPL; QUE SE ENCUENTRAN EN LOS CENTROS DE DETENCIÓN TRANSITORIA DEL DISTRITO ESPECIAL DE SANTIAGO DE CALI.";https://community.secop.gov.co/Public/Tendering/OpportunityDetail/Index?noticeUID=CO1.NTC.10207276&isFromPublicArea=True&isModal=true&asPopupView=true
SI;CONFIRMADO en revision manual;Las modificaciones citan textualmente 'componente de suministro de alimentación' y 'apoyo logístico durante la jornada electoral';A_PROVEEDOR_SERVICIO;CO1.PCCNTR.9227904;4173.010.26.1.0289-2026;ALTA;ALIMENTACION_CATERING|LOGISTICA_EVENTOS;SANTIAGO DE CALI DISTRITO ESPECIAL - SECRETARIA DE DESARROLLO TERRITORIAL Y PARTICIPACION CIUDADANA;890399011;Otro;Contratación directa;V1.90101600;INNOVATECH E.I.C.E.;NIT;890309152;5580141970;2789936490;50.0;Diferencia entre valores registrados en el dataset de modificaciones;8370078460;0;2026-01-28;2026-01-30;2026-07-31;0;Modificado;6;3;0;"APOYAR EL PROCESO DE ELECCIONES AL CONGRESO DE LA REPÚBLICA; PRESIDENCIALES Y DIGNATARIOS DE ORGANISMOS DE ACCIÓN COMUNAL DEL 2026 EN DISTRITO DE SANTIAGO DE CALI";https://community.secop.gov.co/Public/Tendering/OpportunityDetail/Index?noticeUID=CO1.NTC.9859692&isFromPublicArea=True&isModal=true&asPopupView=true
SI;CONFIRMADO en revision manual;Ejecución de carreras atléticas y circuitos deportivos: evento masivo;A_PROVEEDOR_SERVICIO;CO1.PCCNTR.9678479;4162.010.26.1.2090-2026;ALTA;LOGISTICA_EVENTOS;SANTIAGO DE CALI DISTRITO ESPECIAL - SECRETARIA DEL DEPORTE Y LA RECREACIÓN;890399011;Decreto 092 de 2017;Contratación régimen especial (con ofertas);V1.80141600;LIVATRI;NIT;805011861;;;;;5503283933;0;2026-07-18;2026-07-24;2026-12-31;0;Modificado;1;1;0;"AUNAR ESFUERZOS TÉCNICOS; ADMINISTRATIVOS; FINANCIEROS Y OPERATIVOS PARA LA IMPLEMENTACIÓN DE ESTRATEGIAS DE ACTIVIDAD FÍSICA MEDIANTE LA EJECUCIÓN DE CARRERAS ATLÉTICAS RECREATIVAS Y GRATUITAS Y CIRCUITOS DEPORTIVOS FUNCIONALES TIPO HÍBRIDO (CARRERA CON ESTACIONES DE ACONDICIONAMIENTO FÍSICO); EN EL DISTRITO ESPECIAL DE SANTIAGO DE CALI; ORIENTADAS A PROMOVER ESTILOS DE VIDA SALUDABLES; EL APROVECHAMIENTO DEL TIEMPO LIBRE; LA INTEGRACIÓN COMUNITARIA Y EL FORTALECIMIENTO DE LA CULTURA DEPORTIVA";https://community.secop.gov.co/Public/Tendering/OpportunityDetail/Index?noticeUID=CO1.NTC.10432188&isFromPublicArea=True&isModal=true&asPopupView=true
SI;No requirio revision (evidencia alta);;A_PROVEEDOR_SERVICIO;CO1.PCCNTR.9588612;1.430-19.13-6079-2026;ALTA;LOGISTICA_EVENTOS;DEPARTAMENTO DEL VALLE DEL CAUCA-SECRETARIA DE GESTION DEL RIESGO DE DESASTRES;8903990295;Prestación de servicios;Contratación directa;V1.72141106;ARRENDAMIENTO DE EQUIPOS Y CONSTRUCCIONES SAS;NIT;9002044985;;;;;3999000000;0;2026-06-23;2026-06-30;2026-09-30;0;En ejecución;0;0;0;EJECUTAR LAS ACTIVIDADES OPERATIVAS Y LOGÍSTICAS ESPECIALIZADAS PARA LA ATENCIÓN E INTERVENCIÓN DE EMERGENCIAS VIALES MEDIANTE EL DESPLIEGUE DE EQUIPOS TÉCNICOS Y CAPACIDAD OPERATIVA DESTINADOS AL RESTABLECIMIENTO DE LA TRANSITABILIDAD Y HABILITACIÓN FUNCIONAL DE LOS CORREDORES SECUNDARIOS Y TERCIARIOS AFECTADOS EN EL DEPARTAMENTO DEL VALLE DEL CAUCA;https://community.secop.gov.co/Public/Tendering/OpportunityDetail/Index?noticeUID=CO1.NTC.10407643&isFromPublicArea=True&isModal=true&asPopupView=true
SI;CONFIRMADO en revision manual;"Eventos del Festival de la Familia; el objeto dice 'logísticos'";A_PROVEEDOR_SERVICIO;CO1.PCCNTR.9306293;4162.010.26.1.1278-2026;ALTA;LOGISTICA_EVENTOS;SANTIAGO DE CALI DISTRITO ESPECIAL - SECRETARIA DEL DEPORTE Y LA RECREACIÓN;890399011;Otro;Contratación directa;V1.90141500;INNOVATECH E.I.C.E.;NIT;890309152;;;;;3899200000;0;2026-01-30;2026-02-23;2026-12-15;0;Modificado;4;2;0;"REALIZAR ESFUERZOS TÉCNICOS; ADMINISTRATIVOS; LOGÍSTICOS Y FINANCIEROS PARA EL DESARROLLO DE LOS EVENTOS DEL FESTIVAL DE LA FAMILIA EN EL DISTRITO DE SANTIAGO DE CALI Y CORREGIMIENTOS";https://community.secop.gov.co/Public/Tendering/OpportunityDetail/Index?noticeUID=CO1.NTC.9938038&isFromPublicArea=True&isModal=true&asPopupView=true
SI;No requirio revision (evidencia alta);;A_PROVEEDOR_SERVICIO;CO1.PCCNTR.9714423;4173.010.26.1.0835-2026;ALTA;ALIMENTACION_CATERING|LOGISTICA_EVENTOS;SANTIAGO DE CALI DISTRITO ESPECIAL - SECRETARIA DE DESARROLLO TERRITORIAL Y PARTICIPACION CIUDADANA;890399011;Otro;Contratación directa;V1.90101600;Corporación de Eventos, Ferias y Espectáculos de Cali;NIT;800152075;3101810000;568854544;18.3;Monto leído en el documento del expediente (RPC/CDP/ficha técnica del otrosí);3670664544;0;2026-07-24;2026-07-24;2026-12-09;0;Modificado;2;1;0;"PRESTACIÓN DE SERVICIOS DE APOYO LOGÍSTICO A LA SECRETARÍA DE DESARROLLO TERRITORIAL Y PARTICIPACIÓN CIUDADANA DEL DISTRITO DE SANTIAGO DE CALI; PARA LA PLANIFICACIÓN; ORGANIZACIÓN Y EJECUCIÓN DE INTERVENCIONES EN LOS TERRITORIOS";https://community.secop.gov.co/Public/Tendering/OpportunityDetail/Index?noticeUID=CO1.NTC.10579092&isFromPublicArea=True&isModal=true&asPopupView=true
SI;No requirio revision (evidencia alta);;A_PROVEEDOR_SERVICIO;CO1.PCCNTR.9228582;4148.010.26.1.0561-2026;ALTA;LOGISTICA_EVENTOS;SANTIAGO DE CALI  DISTRITO ESPECIAL - SECRETARIA DE CULTURA;890399011;Otro;Contratación directa;V1.80141600;Fondo Mixto de Cultura y las Artes del Valle del Cauca;NIT;800214426;;;;;3474812000;0;2026-01-29;2026-02-03;2026-12-31;0;Modificado;4;2;0;"PRESTAR LOS SERVICIOS TÉCNICOS; LOGÍSTICOS; ADMINISTRATIVOS Y FINANCIEROS PARA LA IMPLEMENTACIÓN DE LA ESTRATEGIA DE SALVAGUARDIA DE LOS OFICIOS ARTESANALES LITORAL: ARTESANÍAS DEL PACÍFICO; COMO ACCIÓN INTEGRAL DE FORTALECIMIENTO Y PROTECCIÓN DEL PATRIMONIO CULTURAL INMATERIAL DE LAS COMUNIDADES ARTESANALES DEL LITORAL PACÍFICO Y SUROCCIDENTE COLOMBIANO; RESIDENTES EN CALI DURANTE LA VIGENCIA 2026.";https://community.secop.gov.co/Public/Tendering/OpportunityDetail/Index?noticeUID=CO1.NTC.9860427&isFromPublicArea=True&isModal=true&asPopupView=true
SI;No requirio revision (evidencia alta);;A_PROVEEDOR_SERVICIO;CO1.PCCNTR.9605762;4146.010.26.1.1250.2026;ALTA;LOGISTICA_EVENTOS;SANTIAGO DE CALI DISTRITO ESPECIAL - SECRETARIA DE BIENESTAR SOCIAL;890399011;Otro;Contratación Directa (con ofertas);V1.93141500;Fondo Mixto de Cultura y las Artes del Valle del Cauca;NIT;800214426;;;;;3300000000;0;2026-06-30;2026-07-15;2026-11-30;0;terminado;1;1;0;"Aunar esfuerzos técnicos; administrativo y financieros para desarrollar las actividades de apoyo logístico; operativo y metodológico para el fortalecimiento de la implementación de la Política Pública CaliAfro en el marco de la articulación y la corresponsabilidad interinstitucional en Santiago de Cali; mediante el desarrollo de acciones de promoción cultural; participación ciudadana y visibilización de la población afrodescendiente en el Festival de Música del Pacífico Petronio Álvarez; la Cumb";https://community.secop.gov.co/Public/Tendering/OpportunityDetail/Index?noticeUID=CO1.NTC.10431532&isFromPublicArea=True&isModal=true&asPopupView=true
SI;No requirio revision (evidencia alta);;A_PROVEEDOR_SERVICIO;CO1.PCCNTR.9702039;4146.010.26.1.2298.2026;ALTA;LOGISTICA_EVENTOS;SANTIAGO DE CALI DISTRITO ESPECIAL - SECRETARIA DE BIENESTAR SOCIAL;890399011;Otro;Contratación Directa (con ofertas);V1.93141500;Fondo Mixto de Cultura y las Artes del Valle del Cauca;NIT;800214426;;;;;3300000000;0;2026-07-23;2026-07-24;2026-09-30;0;En ejecución;0;0;0;"Aunar esfuerzos técnicos; administrativo y financieros para desarrollar las actividades de apoyo logístico; operativo y metodológico para el fortalecimiento de la implementación de la Política Pública CaliAfro en el marco de la articulación y la corresponsabilidad interinstitucional en Santiago de Cali; mediante el desarrollo de acciones de promoción cultural; participación ciudadana y visibilización de la población afrodescendiente en el Festival de Música del Pacífico Petronio Álvarez; la Cumb";https://community.secop.gov.co/Public/Tendering/OpportunityDetail/Index?noticeUID=CO1.NTC.10561763&isFromPublicArea=True&isModal=true&asPopupView=true
SI;No requirio revision (evidencia alta);;A_PROVEEDOR_SERVICIO;CO1.PCCNTR.9394556;4148.010.27.1.0002-2026;ALTA;ALIMENTACION_CATERING|LOGISTICA_EVENTOS|TRANSPORTE_VIAJES;SANTIAGO DE CALI  DISTRITO ESPECIAL - SECRETARIA DE CULTURA;890399011;Decreto 092 de 2017;Contratación régimen especial (con ofertas);V1.80141607;COTELVALLE;NIT;800123546;;;;;3273239001;0;2026-03-17;2026-03-31;2026-11-15;0;Modificado;1;1;0;"Aunar esfuerzos; administrativos; técnicos; humanos y financieros para realizar servicios de alojamiento; transporte; alimentación y catering para artistas; invitados especiales; jurados y personal de logística y producción del Festival de Música del Pacífico Petronio Álvarez; Festival Mundial de Salsa; Festival Internacional de Teatro; Festival de las Artes Plásticas; Gráficas y Visuales Sucursal Fest y Festivales y Eventos culturales de alto impacto de ciudad; de conformidad con los proyect";https://community.secop.gov.co/Public/Tendering/OpportunityDetail/Index?noticeUID=CO1.NTC.10078288&isFromPublicArea=True&isModal=true&asPopupView=true
SI;No requirio revision (evidencia alta);;A_PROVEEDOR_SERVICIO;CO1.PCCNTR.9344397;4131.010.26.1.0725-2026;ALTA;MENSAJERIA_CORREO;SANTIAGO DE CALI DISTRITO ESPECIAL - DEPARTAMENTO ADMINISTRATIVO DE HACIENDA;890399011;Prestación de servicios;Selección abreviada subasta inversa;V1.82121500;E S M LOGISTICA SAS;NIT;900429481;2000000000;1000000000;50.0;Monto leído en el documento del expediente (RPC/CDP/ficha técnica del otrosí);3000000000;0;2026-02-17;2026-02-19;2026-12-22;0;Modificado;2;2;0;"PRESTACIÓN DEL SERVICIO DE MENSAJERÍA EXPRESA PARA LA RECOLECCIÓN; REGISTRO; CURSO; ENTREGA; IMPRESIÓN; ALISTAMIENTO; DISTRIBUCIÓN Y RASTREO DE FACTURAS; CARTAS; OFICIOS; COMUNICACIONES; ACTOS ADMINISTRATIVOS; ACTAS; ENTRE OTROS DOCUMENTOS EXPEDIDOS Y DEFINIDOS POR EL DEPARTAMENTO ADMINISTRATIVO DE HACIENDA CONFORME CON LAS CARACTERÍSTICAS ESTABLECIDAS EN LOS LITERALES A; B; C; D; E Y F DEL NUMERAL 2.3 DEL ARTÍCULO 3° DE LA LEY 1369 DE 2009.";https://community.secop.gov.co/Public/Tendering/OpportunityDetail/Index?noticeUID=CO1.NTC.9882536&isFromPublicArea=True&isModal=true&asPopupView=true
SI;No requirio revision (evidencia alta);;A_PROVEEDOR_SERVICIO;CO1.PCCNTR.9258943;4112.020.26.1.103-2026;ALTA;LOGISTICA_EVENTOS;SANTIAGO DE CALI DISTRITO ESPECIAL - SECRETARIA DE GOBIERNO;890399011;Otro;Contratación directa;V1.81141601;Corporación de Eventos, Ferias y Espectáculos de Cali;NIT;800152075;;;;;2895666253;0;2026-01-30;2026-02-05;2026-12-31;0;En ejecución;0;0;0;"Prestar servicios de operación logística; para la planeación; organización; producción; y ejecución de los eventos y actividades que se requieran en la Secretaría de Gobierno encaminadas al fortalecimiento de la gestión pública del Distrito de Santiago de Cali.";https://community.secop.gov.co/Public/Tendering/OpportunityDetail/Index?noticeUID=CO1.NTC.9890182&isFromPublicArea=True&isModal=true&asPopupView=true
SI;No requirio revision (evidencia alta);;A_PROVEEDOR_SERVICIO;CO1.PCCNTR.9598258;4146.010.27.1.012.2026;ALTA;LOGISTICA_EVENTOS;SANTIAGO DE CALI DISTRITO ESPECIAL - SECRETARIA DE BIENESTAR SOCIAL;890399011;Otro;Contratación directa;V1.93141600;Corporación de Eventos, Ferias y Espectáculos de Cali;NIT;800152075;;;;;2847604714;0;2026-06-27;2026-07-06;2026-11-30;0;Modificado;1;1;0;"objeto: Aunar esfuerzos técnicos; administrativos; operativos; logísticos y financieros para la implementación de estrategias de articulación interinstitucional; participación comunitaria; promoción cultural; apoyo logístico y suministro de bienes y servicios; orientadas al seguimiento e implementación del Plan Estratégico CaliAfro 2030; los Planes de Etnodesarrollo para el Buen Vivir de los Consejos Comunitarios; el fortalecimiento de la atención integral de las personas LGBTIQ en el marco de l";https://community.secop.gov.co/Public/Tendering/OpportunityDetail/Index?noticeUID=CO1.NTC.10422112&isFromPublicArea=True&isModal=true&asPopupView=true
SI;No requirio revision (evidencia alta);;A_PROVEEDOR_SERVICIO;CO1.PCCNTR.9518524;4161.010.26.1.871.2026;ALTA;ALIMENTACION_CATERING|LOGISTICA_EVENTOS;SANTIAGO DE CALI DISTRITO ESPECIAL - SECRETARIA DE SEGURIDAD Y JUSTICIA;890399011;Prestación de servicios;Selección Abreviada de Menor Cuantía;UNSPECIFIED;UNION TEMPORAL LOGISTICA ALIMENTARIA INTEGRAL;NIT;No Definido;;;;;2470000000;0;2026-05-22;2026-05-27;2026-08-31;0;Modificado;2;1;0;"PRESTAR EL SERVICIO LOGÍSTICO INTEGRAL DE SUMINISTRO DE ALIMENTACIÓN AL PERSONAL OPERATIVO DE LA POLICÍA METROPOLITANA DE CALI; CONFORME A LA NORMATIVIDAD VIGENTE";https://community.secop.gov.co/Public/Tendering/OpportunityDetail/Index?noticeUID=CO1.NTC.10224963&isFromPublicArea=True&isModal=true&asPopupView=true
SI;No requirio revision (evidencia alta);;A_PROVEEDOR_SERVICIO;CO1.PCCNTR.9375961;4131.010.26.1.0724-2026;ALTA;ALIMENTACION_CATERING|LOGISTICA_EVENTOS;SANTIAGO DE CALI DISTRITO ESPECIAL - DEPARTAMENTO ADMINISTRATIVO DE HACIENDA;890399011;Prestación de servicios;Licitación pública;V1.90101600;Fundación Recurso Humano Positivo;NIT;805023415;;;;;2450000000;0;2026-03-10;2026-03-11;2026-12-15;0;Modificado;1;1;0;"PRESTAR EL SERVICIO DE APOYO LOGÍSTICO CON EL OBJETIVO DE REALIZAR PROMOCIÓN DE LOS BENEFICIOS TRIBUTARIOS Y MOTIVAR A LOS CONTRIBUYENTES AL PRONTO PAGO DE LOS IMPUESTOS; ASÍ COMO TAMBIÉN INFORMAR Y ACERCAR A LA COMUNIDAD EN GENERAL; CON LA GESTIÓN DEL DEPARTAMENTO ADMINISTRATIVO DE HACIENDA DE SANTIAGO DE CALI.";https://community.secop.gov.co/Public/Tendering/OpportunityDetail/Index?noticeUID=CO1.NTC.9976642&isFromPublicArea=True&isModal=true&asPopupView=true
SI;CONFIRMADO en revision manual;"Marco: proyecto BP-26005287 'desarrollo de EVENTOS como dinamizador del turismo'; el objeto dice 'logísticos'";A_PROVEEDOR_SERVICIO;CO1.PCCNTR.9574600;4172.010.27.1.001-2026;ALTA;LOGISTICA_EVENTOS;SANTIAGO DE CALI DISTRITO ESPECIAL- SECRETARIA DE TURISMO;890399011;Decreto 092 de 2017;Contratación régimen especial (con ofertas);V1.86101702;ASOCIACION RIO CALI;NIT;805007114;;;;;2373455514;0;2026-06-17;2026-06-30;2026-12-10;0;En ejecución;0;0;0;"AUNAR ESFUERZOS TECNICOS; ADMINISTRATIVOS; LOGISTICOS Y FINANCIEROS PARA FORTALECER EL AVITURISMO EN SANTIAGO DE CALI MEDIANTE LA IMPLEMENTACION DE ESTRATEGIAS DE POSICIONAMIENTO E INTERNACIONALIZACION DEL DESTINO; ARTICULACION SECTORIAL; SENSIBILIZACION TURISTICA Y AMBIENTAL; Y FORTALECIMIENTO DE CAPACIDADES ASOCIADAS AL TURISMO DE NATURALEZA; EN EL MARCO DEL PROYECTO BP-26005287 FORTALECIMIENTO DE LAS CONDICIONES PARA EL DESARROLLO DE EVENTOS COMO DINAMIZADOR DEL TURISMO EN SANTIAGO DE CALI";https://community.secop.gov.co/Public/Tendering/OpportunityDetail/Index?noticeUID=CO1.NTC.10337449&isFromPublicArea=True&isModal=true&asPopupView=true
SI;No requirio revision (evidencia alta);;A_PROVEEDOR_SERVICIO;CO1.PCCNTR.9765920;4146.010.26.1.2378.2026;ALTA;LOGISTICA_EVENTOS;SANTIAGO DE CALI DISTRITO ESPECIAL - SECRETARIA DE BIENESTAR SOCIAL;890399011;Prestación de servicios;Licitación pública;V1.39112500;Quack de Colombia SAS;NIT;900343131;;;;;1904285907;0;2026-08-13;;2026-12-15;0;Aprobado;0;0;0;"PRESTAR EL SERVICIO DE APOYO LOGÍSTICO; DISEÑO E IMPRESION DE MATERIALES Y ENTREGA ELEMENTOS NECESARIOS PARA EL CUMPLIMIENTO Y FORTALECIMIENTO DE LAS ACTIVIDADES MISIONALES A CARGO DE LA SECRETARIA DE BIENESTAR SOCIAL EN EL MARCO DE LOS PROYECTOS DE INVERSION A SU CARGO EN EL MARCO DE LAS FICHAS BP-26005422 BP26005419 BP26005415 BP-26005434 Y BP-26005921";https://community.secop.gov.co/Public/Tendering/OpportunityDetail/Index?noticeUID=CO1.NTC.10384772&isFromPublicArea=True&isModal=true&asPopupView=true
SI;CONFIRMADO en revision manual;Servicios 'artísticos, técnicos, profesionales y LOGÍSTICOS' para producción de intervenciones culturales;A_PROVEEDOR_SERVICIO;CO1.PCCNTR.9266584;4152.010.26.1.746-2026;ALTA;LOGISTICA_EVENTOS;SANTIAGO DE CALI DISTRITO ESPECIAL - SECRETARIA DE MOVILIDAD;890399011;Otro;Contratación directa;V1.80141607;RECREAVALLE;NIT;800215293;;;;;1880000000;0;2026-01-30;2026-02-12;2026-07-31;0;Modificado;1;1;0;"Contratar los servicios artísticos; técnicos; profesionales y logísticos para el diseño; producción y ejecución de intervenciones culturales; orientadas a la sensibilización ciudadana y a la promoción de comportamientos seguros en la movilidad y la convivencia vial; que contribuyan a la transformación de hábitos viales; la reducción de la siniestralidad y el fomento de la movilidad activa en el Distrito Especial de Santiago de Cali";https://community.secop.gov.co/Public/Tendering/OpportunityDetail/Index?noticeUID=CO1.NTC.9898659&isFromPublicArea=True&isModal=true&asPopupView=true
SI;CONFIRMADO en revision manual;'Producción técnica, LOGÍSTICA de actividades culturales' y eventos de ciudad;A_PROVEEDOR_SERVICIO;CO1.PCCNTR.9268342;4148.010.26.1.0562-2026;ALTA;LOGISTICA_EVENTOS;SANTIAGO DE CALI  DISTRITO ESPECIAL - SECRETARIA DE CULTURA;890399011;Otro;Contratación directa;V1.80141607;Fondo Mixto de Cultura y las Artes del Valle del Cauca;NIT;800214426;;;;;1844415625;0;2026-01-30;2026-02-10;2026-09-30;0;Modificado;3;2;0;"LA SECRETARÍA DE CULTURA REQUIERE CONTRATAR LA PRESTACIÓN DE SERVICIOS PARA REALIZAR LA PRODUCCIÓN TÉCNICA; LOGÍSTICA DE ACTIVIDADES CULTURALES Y ARTÍSTICAS ORIENTADAS AL FORTALECIMIENTO DEL SECTOR ESCÉNICO Y LA PROYECCIÓN DE EVENTOS DE ALTO IMPACTO Y DE CIUDAD EN EL DISTRITO DE SANTIAGO DE CALI; ESTO COMPRENDE LA REALIZACIÓN DEL XI FESTIVAL INTERNACIONAL DE TEATRO DE CALI - FITCALI 2026 Y LAS ACCIONES ASOCIADAS A LA RUTA HACIA LOS 30 ANOS DEL FESTIVAL DE MÚSICA DEL PACÍFICO PETRONIO ÁLVAREZ; EN";https://community.secop.gov.co/Public/Tendering/OpportunityDetail/Index?noticeUID=CO1.NTC.9899984&isFromPublicArea=True&isModal=true&asPopupView=true
SI;No requirio revision (evidencia alta);;A_PROVEEDOR_SERVICIO;CO1.PCCNTR.9226014;4137.010.26.1.183-2026;ALTA;LOGISTICA_EVENTOS;SANTIAGO DE CALI DISTRITO ESPECIAL -DEPARTAMENTO ADMINISTRATIVO DE DESARROLLO E INNOVACION INSTITUCIONAL;890399011;Prestación de servicios;Contratación directa;V1.90141500;COMFENALCO VALLE DE LAGENTE;NIT;890303093;;;;;1834654909;0;2026-01-30;2026-02-06;2026-06-30;0;En ejecución;0;0;0;"Prestar los servicios de apoyo a la gestión de logística para llevar a cabo la ejecución de las diferentes actividades que requiera realizar el Departamento Administrativo de Desarrollo e Innovación Institucional del Distrito Especial; Deportivo; Cultural; Turístico; Empresarial y de Servicios de Santiago de Cali";https://community.secop.gov.co/Public/Tendering/OpportunityDetail/Index?noticeUID=CO1.NTC.9858517&isFromPublicArea=True&isModal=true&asPopupView=true
SI;No requirio revision (evidencia alta);;A_PROVEEDOR_SERVICIO;CO1.PCCNTR.9443123;4146.010.26.1.1104.2026;ALTA;ALIMENTACION_CATERING;SANTIAGO DE CALI DISTRITO ESPECIAL - SECRETARIA DE BIENESTAR SOCIAL;890399011;Suministros;Selección Abreviada de Menor Cuantía;UNSPECIFIED;INTERNATIONAL ESD FOUNDATION;NIT;900307331;;;;;1746224599;0;2026-04-10;2026-04-16;2026-12-31;0;Modificado;1;1;0;"SUMINISTRO DE BONOS CANJEABLES DE ALIMENTACIÓN TIPO A Y TIPO B; ASEO Y DOTACIÓN TIPO A Y TIPO B; PARA LA ASISTENCIA Y ATENCIÓN INMEDIATA INTEGRAL A LAS VÍCTIMAS DEL CONFLICTO ARMADO EN SANTIAGO DE CALI. BP26005436.";https://community.secop.gov.co/Public/Tendering/OpportunityDetail/Index?noticeUID=CO1.NTC.10114920&isFromPublicArea=True&isModal=true&asPopupView=true
SI;CONFIRMADO en revision manual;Ejecución integral de los Juegos Intercolegiados: evento deportivo masivo;A_PROVEEDOR_SERVICIO;CO1.PCCNTR.9501608;4162.010.27.1.0003-2026;ALTA;LOGISTICA_EVENTOS;SANTIAGO DE CALI DISTRITO ESPECIAL - SECRETARIA DEL DEPORTE Y LA RECREACIÓN;890399011;Decreto 092 de 2017;Contratación régimen especial (con ofertas);V1.81141600;CRP;NIT;890316344;;;;;1692065090;0;2026-05-08;2026-05-11;2026-12-30;0;Modificado;1;1;0;"AUNAR ESFUERZOS TÉCNICOS; ADMINISTRATIVOS; OPERATIVOS Y FINANCIEROS ENTRE EL DISTRITO DE SANTIAGO DE CALI - SECRETARÍA DEL DEPORTE Y LA RECREACIÓN Y EL ASOCIADO; PARA LA EJECUCIÓN INTEGRAL DE LOS JUEGOS INTERCOLEGIADOS EN EL DISTRITO DE SANTIAGO DE CALI.";https://community.secop.gov.co/Public/Tendering/OpportunityDetail/Index?noticeUID=CO1.NTC.10257707&isFromPublicArea=True&isModal=true&asPopupView=true
SI;No requirio revision (evidencia alta);;A_PROVEEDOR_SERVICIO;CO1.PCCNTR.9514979;1.210.19.10-6064;ALTA;ALIMENTACION_CATERING;GOBERNACION DEL VALLE DEL CAUCA - SECRETARIA DE EDUCACION;890399029;Interventoría;Concurso de méritos abierto;V1.80101500;PADEL AUDITORES SAS;NIT;819001616;;;;;1498457780;0;2026-05-15;2026-05-22;2027-01-31;0;En ejecución;0;0;0;"REALIZAR LA INTERVENTORÍA TÉCNICA; ADMINISTRATIVA; FINANCIERA; CONTABLE; JURÍDICA; AMBIENTAL Y SOCIAL EN EL MARCO DEL PROYECTO DENOMINADO: IMPLEMENTACIÓN DEL PROGRAMA DE ALIMENTACIÓN ESCOLAR (PAE) PARA LOS ESTABLECIMIENTOS EDUCATIVOS OFICIALES PARA MUNICIPIOS NO CERTIFICADOS DEL DEPARTAMENTO DEL VALLE DEL CAUCA";https://community.secop.gov.co/Public/Tendering/OpportunityDetail/Index?noticeUID=CO1.NTC.10246748&isFromPublicArea=True&isModal=true&asPopupView=true
SI;CONFIRMADO en revision manual;'Participación en ferias y eventos turísticos' y 'captación de eventos';A_PROVEEDOR_SERVICIO;CO1.PCCNTR.9188973;1.370.19.13-5893;ALTA;LOGISTICA_EVENTOS|TRANSPORTE_VIAJES;DEPARTAMENTO DEL VALLE DEL CAUCA - SECRETARIA DE TURISMO;890399029;Prestación de servicios;Contratación directa;V1.90101600;CALI-VALLE DEL CAUCA CONVENTION AND VISITORS BUREAU;NIT;890331168;1000000000;400000000;40.0;Diferencia entre valores registrados en el dataset de modificaciones;1400000000;0;2026-01-27;2026-01-28;2026-08-31;61;Modificado;5;5;123;"PRESTACIÓN DE SERVICIOS DE APOYO A LA GESTIÓN A LA SECRETARÍA DE TURISMO DEL DEPARTAMENTO DEL VALLE DEL CAUCA; MEDIANTE EL DISEÑO; COORDINACIÓN Y EJECUCIÓN DE ESTRATEGIAS DE PROMOCIÓN Y POSICIONAMIENTO DEL DESTINO VALLE DEL CAUCA; ORIENTADAS A LA PARTICIPACIÓN EN FERIAS Y EVENTOS TURÍSTICOS DE CARÁCTER NACIONAL E INTERNACIONAL; LA CAPTACIÓN DE EVENTOS Y EL DESARROLLO DE CAMPAÑAS DE PROMOCIÓN INSTITUCIONAL; EN EL MARCO DEL PROYECTO IMPLEMENTACIÓN DE ESTRATEGIAS COMPETITIVAS EN EL DESTINO TURÍSTIC";https://community.secop.gov.co/Public/Tendering/OpportunityDetail/Index?noticeUID=CO1.NTC.9821163&isFromPublicArea=True&isModal=true&asPopupView=true
SI;No requirio revision (evidencia alta);;A_PROVEEDOR_SERVICIO;CO1.PCCNTR.9405503;4181.010.26.1.417-2026;ALTA;TRANSPORTE_VIAJES;SANTIAGO DE CALI DISTRITO ESPECIAL- UNIDAD ADMINISTRATIVA ESPECIAL DE GESTION DE BIENES Y SERVICIOS - CALI;890399011;Prestación de servicios;Selección Abreviada de Menor Cuantía;UNSPECIFIED;UNIÓN TEMPORAL BLINDAMOVIL;No Definido;No Definido;;;;;1400000000;0;2026-04-09;2026-04-14;2026-12-31;0;En ejecución;0;0;0;"Contratar la prestación de servicio de transporte especializado para el Alcalde del Distrito de Santiago de Cali; el cual garantice de manera permanente y efectiva la movilidad eficaz y las medidas de protección requeridas de acuerdo con el nivel de riesgo diagnosticado para el mandatario; en función de las actividades públicas; administrativas e institucionales propias de su cargo; conforme a las condiciones técnicas establecidas para tal finalidad";https://community.secop.gov.co/Public/Tendering/OpportunityDetail/Index?noticeUID=CO1.NTC.10058362&isFromPublicArea=True&isModal=true&asPopupView=true
SI;No requirio revision (evidencia alta);;A_PROVEEDOR_SERVICIO;CO1.PCCNTR.9278135;4134.010.26.1.0261-2026;ALTA;LOGISTICA_EVENTOS|TRANSPORTE_VIAJES;SANTIAGO DE CALI DISTRITO ESPECIAL - DEPARTAMENTO ADMINISTRATIVO DE TECNOLOGIAS DE LA INFORMACION Y LAS COMUNICACIONES;890399011;Prestación de servicios;Contratación directa;V1.90111600;CORFERIAS INVERSIONES SAS;NIT;900525906;;;;;1324510000;0;2026-01-30;2026-02-16;2026-10-31;0;En ejecución;0;0;0;"Contratar los servicios especializados para la planeación; organización; producción; promoción; ejecución y cierre del evento internacional Smart City Expo Cali 2026; como edición oficial del Smart City Expo World Congress";https://community.secop.gov.co/Public/Tendering/OpportunityDetail/Index?noticeUID=CO1.NTC.9910106&isFromPublicArea=True&isModal=true&asPopupView=true
SI;No requirio revision (evidencia alta);;A_PROVEEDOR_SERVICIO;CO1.PCCNTR.9499657;4148.010.27.1.0007-2026;ALTA;LOGISTICA_EVENTOS;SANTIAGO DE CALI  DISTRITO ESPECIAL - SECRETARIA DE CULTURA;890399011;Decreto 092 de 2017;Contratación régimen especial (con ofertas);V1.93141703;FUNDACION ATENEA;NIT;805011410;;;;;1312260020;0;2026-05-11;2026-05-26;2026-11-30;0;En ejecución;0;0;0;"Aunar esfuerzos técnicos; administrativos y financieros para fortalecer el acceso a la Cultura y formación de iniciación artística; cultural y patrimonial a las poblaciones de Primera Infancia; Juventud; Mujeres; Comunidad Diversa LGBTIQ+; Población Vulnerable y de Personas Mayores en Santiago de Cali; en desarrollo del proyecto de inversión a través del apoyo logístico; operativo y de gestión que complementen las actividades de los procesos; conforme a la ficha EBI Nº. BP-26005356; Vigencia 20";https://community.secop.gov.co/Public/Tendering/OpportunityDetail/Index?noticeUID=CO1.NTC.10160812&isFromPublicArea=True&isModal=true&asPopupView=true
SI;CONFIRMADO leyendo los documentos del proceso;"CONFIRMADO con el formato de oferta economica del proceso: la Secretaría aporta $760M para 'REALIZAR SEMANA DEL PATRIMONIO', 'APOYAR ACTOS FESTIVOS Y LUDICOS' y talleres, y el aporte de la ESAL incluye 'Productor para el desarrollo de eventos', 'Apoyo para logística de invitados a semana del Patrimonio', 'Transporte para movilizar portadores a eventos culturales', 'Transporte aereo y logística de delegados' y 'Apoyo de refrigerios para el desarrollo del festival' (400 x $10.000). Es logística de eventos; los componentes de alimentación y transporte son menores ($25,5M).";A_PROVEEDOR_SERVICIO;CO1.PCCNTR.9468780;4148.010.27.1.0006-2026;ALTA;LOGISTICA_EVENTOS;SANTIAGO DE CALI  DISTRITO ESPECIAL - SECRETARIA DE CULTURA;890399011;Decreto 092 de 2017;Contratación régimen especial (con ofertas);V1.93141700;INTERNATIONAL ESD FOUNDATION;NIT;900307331;1085648429;89442857;8.2;Monto leído en el documento del expediente (RPC/CDP/ficha técnica del otrosí);1175091286;0;2026-04-24;2026-04-30;2026-12-15;30;Modificado;1;1;30;"Aunar esfuerzos técnicos; administrativos; financieros y logísticos para implementar acciones orientadas a la recuperación de la memoria; la difusión; la promoción de valores identitarios y la salvaguardia de las manifestaciones y oficios del patrimonio cultural inmaterial; con la participación de actores; portadores y grupos étnicos en Santiago de Cali de conformidad con los proyectos de inversión denominados: IMPLEMENTACIÓN DE ESTRATEGIAS ORIENTADAS A LA SALVAGUARDIA DE LAS MANIFESTACIONES Y";https://community.secop.gov.co/Public/Tendering/OpportunityDetail/Index?noticeUID=CO1.NTC.10171478&isFromPublicArea=True&isModal=true&asPopupView=true
SI;CONFIRMADO en revision manual;Provisión y recarga de tarjetas del MIO: transporte escolar contratado;A_PROVEEDOR_SERVICIO;CO1.PCCNTR.9158251;4143.010.26.1.0866.2026;ALTA;TRANSPORTE_VIAJES;SECRETARIA DE EDUCACION DE CALI;890399011;Prestación de servicios;Contratación directa;V1.78111800;UNION TEMPORAL RECAUDO Y TECNOLOGIA;NIT;900178949;;;;;1171674000;0;2026-01-27;2026-01-28;2026-12-31;0;En ejecución;0;0;0;"Contratar la prestacion de servicios para la provision y recarga de tarjetas del sistema integrado de transporte masivo (MIO) con el fin de garantizar el acceso a la permanencia escolar; de conformidad con la ficha BP - 26005347 vigencia 2026.";https://community.secop.gov.co/Public/Tendering/OpportunityDetail/Index?noticeUID=CO1.NTC.9785519&isFromPublicArea=True&isModal=true&asPopupView=true
SI;No requirio revision (evidencia alta);;A_PROVEEDOR_SERVICIO;CO1.PCCNTR.9441375;4172.010.26.1.122-2026;ALTA;LOGISTICA_EVENTOS;SANTIAGO DE CALI DISTRITO ESPECIAL- SECRETARIA DE TURISMO;890399011;Otro;Selección Abreviada de Menor Cuantía;UNSPECIFIED;U.T. CorpoQ;NIT;222222131;;0;;SIN ADICIÓN EN VALOR — verificado en el documento del expediente;1152546305;0;2026-04-27;2026-04-29;2026-12-31;0;Modificado;1;1;0;"Prestar servicios como operador logístico para apoyar la organización; ejecución y materialización de eventos con vocación turística; así como la participación institucional en eventos estratégicos y la activación de los productos turísticos priorizados; de conformidad con las directrices de la Secretaría de Turismo";https://community.secop.gov.co/Public/Tendering/OpportunityDetail/Index?noticeUID=CO1.NTC.10121731&isFromPublicArea=True&isModal=true&asPopupView=true
SI;No requirio revision (evidencia alta);;A_PROVEEDOR_SERVICIO;CO1.PCCNTR.9278535;4146.010.26.1.1201.2026;ALTA;LOGISTICA_EVENTOS;SANTIAGO DE CALI DISTRITO ESPECIAL - SECRETARIA DE BIENESTAR SOCIAL;890399011;Otro;Contratación directa;V1.45111713;Corporación de Eventos, Ferias y Espectáculos de Cali;NIT;800152075;;;;;1025112987;0;2026-01-30;2026-02-04;2026-12-31;0;En ejecución;0;0;0;"Celebrar el contrato interadministrativo para brindar apoyo logistico en las actividades misionales de la Secretaria de Bienestar Social- Subsecretaria de Equidad de Genero; en el marco de los proyectos de inversion: BP-26005426: IMPLEMENTACION DEL ENFOQUE DE GENERO CON INTERSECCIONALIDAD EN LA ALCALDIA DISTRITAL DE SANTIAGO DE CALI; BP-26005427: FORTALECIMIENTO DEL SISTEMA DISTRITAL DE CUIDADO CUIDARTE EN EL DISTRITO DE SANTIAGO DE CALI; BP-26005428: IMPLEMENTACION DE LA ESTRATEGIA DE L";https://community.secop.gov.co/Public/Tendering/OpportunityDetail/Index?noticeUID=CO1.NTC.9909995&isFromPublicArea=True&isModal=true&asPopupView=true
SI;No requirio revision (evidencia alta);;A_PROVEEDOR_SERVICIO;CO1.PCCNTR.9295677;4182.010.26.1.288-2026;ALTA;ALIMENTACION_CATERING|LOGISTICA_EVENTOS;SANTIAGO DE CALI DISTRITO ESPECIAL - UNIDAD ADMINISTRATIVA ESPECIAL DE SERVICIOS PUBLICOS;890399011;Otro;Contratación directa;V1.90101600;Corporación de Eventos, Ferias y Espectáculos de Cali;NIT;800152075;;;;;1000000000;0;2026-01-30;2026-02-05;2026-12-31;0;En ejecución;0;0;0;"PRESTAR LOS SERVICIOS DE APOYO LOGÍSTICO INTEGRAL PARA LA EJECUCIÓN DE LAS ACTIVIDADES DE DIVULGACIÓN; SOCIALIZACIÓN; CONCEPTUALIZACIÓN Y DISEÑOS DE PROGRAMAS; ESTRATEGIAS Y PROYECTOS DE MANEJO DE RESIDUOS SÓLIDOS EN EL DISTRITO DE SANTIAGO DE CALI.";https://community.secop.gov.co/Public/Tendering/OpportunityDetail/Index?noticeUID=CO1.NTC.9927745&isFromPublicArea=True&isModal=true&asPopupView=true
SI;CONFIRMADO en revision manual;Feria Internacional de Aves Birdfair 2026;A_PROVEEDOR_SERVICIO;CO1.PCCNTR.9221069;4172.010.26.1.118-2026;ALTA;LOGISTICA_EVENTOS;SANTIAGO DE CALI DISTRITO ESPECIAL- SECRETARIA DE TURISMO;890399011;Prestación de servicios;Contratación directa;V1.90151802;ASOCIACION RIO CALI;NIT;805007114;;;;;950000000;0;2026-01-28;2026-02-02;2026-03-20;0;En ejecución;0;0;0;"PRESTACION DE SERVICIOS PARA APOYAR LA REALIZACION DE LA DECIMO SEGUNDA 12 VERSION DE LA FERIA INTERNACIONAL DE AVES COLOMBIA BIRDFAIR 2026; COMO ESTRATEGIA DE PROMOCION TURISTICA Y CONSERVACION DE LA BIODIVERSIDAD EN SANTIAGO DE CALI; DE CONFORMIDAD CON EL PROYECTO DE INVERSION BP-26005287";https://community.secop.gov.co/Public/Tendering/OpportunityDetail/Index?noticeUID=CO1.NTC.9853555&isFromPublicArea=True&isModal=true&asPopupView=true
SI;No requirio revision (evidencia alta);;A_PROVEEDOR_SERVICIO;CO1.PCCNTR.9474103;4164.010.26.1.0441-2026;ALTA;LOGISTICA_EVENTOS;SANTIAGO DE CALI DISTRITO ESPECIAL - SECRETARÍA DE PAZ Y CULTURA CIUDADANA;890399011;Prestación de servicios;Selección Abreviada de Menor Cuantía;UNSPECIFIED;FUNDACIÓN PRO SOCIAL Y DEL MEDIO AMBIENTE MEJORHABITAT;NIT;805016076;;;;;915539039;0;2026-04-28;2026-04-30;2026-09-30;0;En ejecución;0;0;0;"CONTRATAR LA PRESTACIÓN DEL SERVICIO DE APOYO LOGÍSTICO A LA SECRETARÍA DE PAZ Y CULTURA CIUDADANA DEL DISTRITO DE SANTIAGO DE CALI; PARA EL DESARROLLO DE ACTIVIDADES DE LOS DIFERENTES GRUPOS DE TRABAJO ENCAMINADAS AL CUMPLIMIENTO DE SU FUNCIÓN MISIONAL";https://community.secop.gov.co/Public/Tendering/OpportunityDetail/Index?noticeUID=CO1.NTC.10186844&isFromPublicArea=True&isModal=true&asPopupView=true
SI;No requirio revision (evidencia alta);;A_PROVEEDOR_SERVICIO;CO1.PCCNTR.9520766;4172.010.26.1.124-2026;ALTA;TRANSPORTE_VIAJES;SANTIAGO DE CALI DISTRITO ESPECIAL- SECRETARIA DE TURISMO;890399011;Prestación de servicios;Selección Abreviada de Menor Cuantía;UNSPECIFIED;MAGIN COMUNICACIONES S.A.S.;NIT;830042365;;;;;908674421;0;2026-05-20;2026-05-28;2026-12-31;0;Modificado;2;1;0;"Contratar una agencia de viajes operadora para la prestación integral de servicios turísticos y logísticos necesarios para la planeación; organización y ejecución de misiones comerciales y viajes de familiarización; nacionales e internacionales; incluyendo la gestión y suministro de tiquetes aéreos; transporte terrestre; alojamiento; alimentación; reservas; cambios; cancelaciones; acompañamiento operativo y demás servicios conexos requeridos para la promoción y posicionamiento de Cali";https://community.secop.gov.co/Public/Tendering/OpportunityDetail/Index?noticeUID=CO1.NTC.10271238&isFromPublicArea=True&isModal=true&asPopupView=true
SI;No requirio revision (evidencia alta);;A_PROVEEDOR_SERVICIO;CO1.PCCNTR.9605386;4148.010.27.1.0013-2026;ALTA;LOGISTICA_EVENTOS;SANTIAGO DE CALI  DISTRITO ESPECIAL - SECRETARIA DE CULTURA;890399011;Otro;Contratación directa;V1.93141701;Fondo Mixto de Cultura y las Artes del Valle del Cauca;NIT;800214426;;;;;900000000;0;2026-07-01;2026-07-08;2026-11-15;0;En ejecución;0;0;0;"Aunar esfuerzos técnicos; administrativos y financieros para la realización de la XVIII versión del Festival Internacional de Cine de Cali 2026; con el propósito de fortalecer el sector audiovisual del Distrito Especial de Santiago de Cali; de conformidad con el proyecto de inversión denominado: FORTALECIMIENTO DE FESTIVALES Y ENCUENTROS ARTISTICOS Y CULTURALES CON COMPONENTE INTERNACIONAL EN SANTIAGO DE CALI; ficha BP-26004731; vigencia 2026.";https://community.secop.gov.co/Public/Tendering/OpportunityDetail/Index?noticeUID=CO1.NTC.10431724&isFromPublicArea=True&isModal=true&asPopupView=true
SI;No requirio revision (evidencia alta);;A_PROVEEDOR_SERVICIO;CO1.PCCNTR.9544909;4161.010.26.1.864.2026;ALTA;LOGISTICA_EVENTOS;SANTIAGO DE CALI DISTRITO ESPECIAL - SECRETARIA DE SEGURIDAD Y JUSTICIA;890399011;Prestación de servicios;Selección Abreviada de Menor Cuantía;UNSPECIFIED;CDER;NIT;901777130;;0;;SIN ADICIÓN EN VALOR — verificado en el documento del expediente;800000000;0;2026-06-02;2026-06-09;2026-12-31;0;Modificado;1;1;0;CONTRATAR UN OPERADOR LOGÍSTICO INTEGRAL PARA APOYAR ACTIVIDADES DE LA SECRETARÍA DE SEGURIDAD Y JUSTICIA EN EL FORTALECIMIENTO DE LA SEGURIDAD Y CONVIVENCIA DEL DISTRITO DE SANTIAGO DE CALI;https://community.secop.gov.co/Public/Tendering/OpportunityDetail/Index?noticeUID=CO1.NTC.10294090&isFromPublicArea=True&isModal=true&asPopupView=true
SI;No requirio revision (evidencia alta);;A_PROVEEDOR_SERVICIO;CO1.PCCNTR.9453073;1.210.19.13-6051;ALTA;TRANSPORTE_VIAJES;GOBERNACION DEL VALLE DEL CAUCA - SECRETARIA DE EDUCACION;890399029;Prestación de servicios;Selección abreviada subasta inversa;V1.78111800;GRAN FARALLONES SAS;NIT;901384180;;;;;715000000;0;2026-04-14;2026-04-24;2026-12-31;0;En ejecución;0;0;0;PRESTAR LOS SERVICIOS DE TRANSPORTE ESPECIAL DE PASAJEROS EN LA ZONA RURAL Y URBANA DEL DEPARTAMENTO DEL VALLE DEL CAUCA DE ACUERDO CON LOS REQUERIMIENTOS DE LA SECRETARÍA DE EDUCACIÓN DEPARTAMENTAL;https://community.secop.gov.co/Public/Tendering/OpportunityDetail/Index?noticeUID=CO1.NTC.10135538&isFromPublicArea=True&isModal=true&asPopupView=true
SI;No requirio revision (evidencia alta);;A_PROVEEDOR_SERVICIO;CO1.PCCNTR.9250975;4137.010.26.1.200-2026;ALTA;ALMACENAMIENTO_BODEGA;SANTIAGO DE CALI DISTRITO ESPECIAL -DEPARTAMENTO ADMINISTRATIVO DE DESARROLLO E INNOVACION INSTITUCIONAL;890399011;Arrendamiento de inmuebles;Contratación directa;V1.80131500;IRON MOUNTAIN COLOMBIA SAS;NIT;860054781;;;;;689397763;0;2026-01-30;2026-02-06;2026-12-31;0;En ejecución;0;0;0;Contratar el arrendamiento de un espacio físico para el uso del bodegaje y custodia de expedientes de archivo cumpliendo con los lineamientos establecidos por el Archivo General de la Nación - AGN con objeto de la preservación del acervo documental del Distrito Especial de Santiago de Cali en el marco del proyecto de inversión BP-26005865 Aplicación de la ley general de archivo al patrimonio documental en la Alcaldía Distrital de Santiago Cali;https://community.secop.gov.co/Public/Tendering/OpportunityDetail/Index?noticeUID=CO1.NTC.9883610&isFromPublicArea=True&isModal=true&asPopupView=true
SI;No requirio revision (evidencia alta);;A_PROVEEDOR_SERVICIO;CO1.PCCNTR.9256549;4132.010.26.1.425-2026;ALTA;LOGISTICA_EVENTOS;PLANEACIÓN MUNICIPAL CALI**;890399011;Otro;Contratación directa;V1.80141900;Corporación de Eventos, Ferias y Espectáculos de Cali;NIT;800152075;;;;;664308500;0;2026-01-30;2026-02-06;2026-12-30;0;En ejecución;0;0;0;APOYAR LA GESTIÓN LOGÍSTICA PARA LLEVAR A CABO LA EJECUCIÓN DE LAS DIFERENTES ACTIVIDADES QUE REQUIERA REALIZAR EL DEPARTAMENTO ADMINISTRATIVO DE PLANEACIÓN DISTRITAL DE LA ALCALDÍA DISTRITAL DE SANTIAGO DE CALI.;https://community.secop.gov.co/Public/Tendering/OpportunityDetail/Index?noticeUID=CO1.NTC.9888670&isFromPublicArea=True&isModal=true&asPopupView=true
SI;No requirio revision (evidencia alta);;A_PROVEEDOR_SERVICIO;CO1.PCCNTR.9508319;4143.010.26.1.1014.2026;ALTA;LOGISTICA_EVENTOS;SECRETARIA DE EDUCACION DE CALI;890399011;Prestación de servicios;Selección Abreviada de Menor Cuantía;UNSPECIFIED;CRP;NIT;890316344;;;;;662995291;0;2026-05-12;2026-05-21;2026-12-30;0;En ejecución;0;0;0;"PRESTACIÓN DE SERVICIOS LOGÍSTICOS PARA EL FORTALECIMIENTO DEL BIENESTAR INTEGRAL A TRAVÉS DE LAS ACTIVIDADES CULTURALES; LÚDICAS Y DEPORTIVAS DE LA SECRETARÍA DE EDUCACIÓN DEL DISTRITO ESPECIAL DE SANTIAGO DE CALI";https://community.secop.gov.co/Public/Tendering/OpportunityDetail/Index?noticeUID=CO1.NTC.10239163&isFromPublicArea=True&isModal=true&asPopupView=true
SI;CONFIRMADO en revision manual;Circulación y exhibición artística en espacios públicos: montaje de eventos;A_PROVEEDOR_SERVICIO;CO1.PCCNTR.9269942;4148.010.26.1.0577-2026;ALTA;LOGISTICA_EVENTOS;SANTIAGO DE CALI  DISTRITO ESPECIAL - SECRETARIA DE CULTURA;890399011;Otro;Contratación directa;V1.90131502;COEMPRESAR;NIT;901772750;;;;;650896601;0;2026-01-30;2026-02-03;2026-10-30;0;Modificado;2;2;0;"La Secretaría de Cultura requiere Contratar la prestación de servicios para el desarrollo y ejecución de estrategias de circulación y exhibición artística y cultural en espacios públicos; escenarios culturales y territorios del Distrito de Santiago de Cali; con el propósito de ampliar la oferta cultural; fortalecer la presencia de expresiones artísticas en escenarios de naturaleza pública y promover el acceso a los derechos culturales de la ciudadanía; de conformidad con el proyecto de inversión";https://community.secop.gov.co/Public/Tendering/OpportunityDetail/Index?noticeUID=CO1.NTC.9901799&isFromPublicArea=True&isModal=true&asPopupView=true
SI;No requirio revision (evidencia alta);;A_PROVEEDOR_SERVICIO;CO1.PCCNTR.9265668;4181.010.27.1-002. 2026;ALTA;LOGISTICA_EVENTOS;SANTIAGO DE CALI DISTRITO ESPECIAL- UNIDAD ADMINISTRATIVA ESPECIAL DE GESTION DE BIENES Y SERVICIOS - CALI;890399011;Otro;Contratación directa;V1.80141600;Corporación de Eventos, Ferias y Espectáculos de Cali;NIT;800152075;;;;;650000000;0;2026-01-30;2026-02-10;2026-12-15;0;En ejecución;0;0;0;"CONTRATAR LA PRESTACIÓN DE SERVICIOS OPERATIVOS Y DE APOYO A LA GESTIÓN; DE SERVICIOS LOGÍSTICOS PARA LLEVAR A CABO LA RENDICIÓN DE CUENTAS Y DEMÁS EVENTOS LIDERADOS Y APOYADOS POR PARTE DE LA UAEGBS";https://community.secop.gov.co/Public/Tendering/OpportunityDetail/Index?noticeUID=CO1.NTC.9897988&isFromPublicArea=True&isModal=true&asPopupView=true
SI;No requirio revision (evidencia alta);;A_PROVEEDOR_SERVICIO;CO1.PCCNTR.9404830;4145.010.26.1.1004-2026;ALTA;TRANSPORTE_VIAJES;SANTIAGO DE CALI DISTRITO ESPECIAL - SECRETARIA DISTRITAL DE SALUD DE CALI;890399011;Prestación de servicios;Selección Abreviada de Menor Cuantía;UNSPECIFIED;K.L.T.;NIT;900149757;;;;;604580000;0;2026-03-26;2026-04-01;2026-09-30;60;Modificado;2;2;120;"Prestar servicio de transporte de pasajeros y bienes requeridos por la Secretaría de Salud Pública en las actividades de articulación intersectorial; transectorial e institucional.";https://community.secop.gov.co/Public/Tendering/OpportunityDetail/Index?noticeUID=CO1.NTC.10080399&isFromPublicArea=True&isModal=true&asPopupView=true
SI;No requirio revision (evidencia alta);;A_PROVEEDOR_SERVICIO;CO1.PCCNTR.9650201;4148.010.26.1.0707-2026;ALTA;LOGISTICA_EVENTOS;SANTIAGO DE CALI  DISTRITO ESPECIAL - SECRETARIA DE CULTURA;890399011;Prestación de servicios;Contratación directa;V1.93141703;NEEHWESX KWEKWE NASA ÜSSAS UMYA  AUTORIDAD TRADICIONAL CONSTRUYENDO IDENTIDAD  CABILDO INDIGENA NASA DEL DISTRITO ESPECIAL DE CALI;NIT;805031482;;;;;600000000;0;2026-07-14;2026-07-15;2026-11-30;0;En ejecución;0;0;0;"EL DISTRITO DE SANTIAGO DE CALI - SECRETARÍA DE CULTURA; REQUIERE LA PRESTACIÓN DE SERVICIOS LOGÍSTICOS PARA EL DESARROLLO DE ACTIVIDADES DE OFERTA ARTÍSTICA; CULTURAL Y PATRIMONIAL QUE CONTRIBUYAN A LA SALVAGUARDA; CONSERVACIÓN Y VISIBILIZACIÓN DE LA IDENTIDAD CULTURAL; LAS EXPRESIONES ARTÍSTICAS Y PRÁCTICAS ANCESTRALES DE LOS PUEBLOS INDÍGENAS ORGANIZADOS EN SANTIAGO DE CALI EN DESARROLLO DEL PROYECTO DENOMINADO COMO: FORTALECIMIENTO DE ACCIONES DE SALVAGUARDA PARA LA CONSERVACIÓN Y VISIBILIZ";https://community.secop.gov.co/Public/Tendering/OpportunityDetail/Index?noticeUID=CO1.NTC.10498202&isFromPublicArea=True&isModal=true&asPopupView=true
SI;No requirio revision (evidencia alta);;A_PROVEEDOR_SERVICIO;CO1.PCCNTR.9725495;4152.010.26.1.1509-2026;ALTA;MENSAJERIA_CORREO;SANTIAGO DE CALI DISTRITO ESPECIAL - SECRETARIA DE MOVILIDAD;890399011;Otro;Contratación directa;V1.78102201;SERVICIOS POSTALES NACIONALES S.A.S;NIT;900062917;;;;;600000000;0;2026-07-30;2026-08-12;2026-12-31;0;En ejecución;0;0;0;"PRESTAR LOS SERVICIOS DE MENSAJERÍA CERTIFICADA A NIVEL URBANO; REGIONAL Y NACIONAL; INCLUYENDO NOTIFICACIONES JUDICIALES Y TRAYECTOS ESPECIALES; PARA LA DISTRIBUCIÓN DE LA CORRESPONDENCIA GENERADA POR LAS DIFERENTES DEPENDENCIAS DE LA SECRETARÍA DE MOVILIDAD DEL DISTRITO ESPECIAL DE SANTIAGO DE CALI; GARANTIZANDO SU ENTREGA OPORTUNA; TRAZABILIDAD; SEGURIDAD Y VALIDEZ JURÍDICA";https://community.secop.gov.co/Public/Tendering/OpportunityDetail/Index?noticeUID=CO1.NTC.10596808&isFromPublicArea=True&isModal=true&asPopupView=true
SI;CONFIRMADO leyendo los documentos del proceso;CONFIRMADO con el analisis de precios del proceso: el presupuesto se compone de 'kit de viaje que contiene alimentos' (atún, salchichas, galletas, jamoneta, pan, jugos, agua), 'alojamiento temporal por días (incluye alimentación)' $50M, 'apoyo alimentario - entrega de mercado por grupo familiar' (arroz, harina, lenteja, fríjol, espaguetis, avena), 'apoyo para transporte' $45M y servicio de higiene. El UNSPSC 90101600 estaba bien asignado.;A_PROVEEDOR_SERVICIO;CO1.PCCNTR.9493805;4146.010.27.1.009.2026;ALTA;ALIMENTACION_CATERING|TRANSPORTE_VIAJES;SANTIAGO DE CALI DISTRITO ESPECIAL - SECRETARIA DE BIENESTAR SOCIAL;890399011;Decreto 092 de 2017;Contratación régimen especial (con ofertas);V1.90101600;FUNDACIÓN BRIGADA 152;NIT;901011174;;;;;589668420;0;2026-05-06;2026-05-11;2026-11-30;0;En ejecución;0;0;0;Aunar esfuerzos técnicos y administrativos para la atención y entrega de ayudas humanitarias a la población migrantes y flujos migratorios mixtos en el Distrito de Santiago de Cali BP 26005420;https://community.secop.gov.co/Public/Tendering/OpportunityDetail/Index?noticeUID=CO1.NTC.10228323&isFromPublicArea=True&isModal=true&asPopupView=true
SI;No requirio revision (evidencia alta);;A_PROVEEDOR_SERVICIO;CO1.PCCNTR.9577732;1.220.19.13-6076;ALTA;TRANSPORTE_VIAJES;GOBERNACIÓN VALLE DEL CAUCA -SECRETARIA DE SALUD;890399029;Prestación de servicios;Selección Abreviada de Menor Cuantía;UNSPECIFIED;INMOTICA S.A.S.;NIT;900179430;;;;;535244500;0;2026-06-24;2026-07-08;2026-12-31;0;En ejecución;0;0;0;"CONTRATAR LOS SERVICIOS DE IMPLEMENTACIÓN DEL SISTEMA DE SEGUIMIENTO SATELITAL A LOS VEHÍCULOS DE TRANSPORTE ESPECIAL DE PACIENTES HABILITADOS EN EL DEPARTAMENTO DEL VALLE DEL CAUCA Y DEL PARQUE AUTOMOTOR AL SERVICIO DE LA SECRETARÍA DEPARTAMENTAL DE SALUD; QUE INCLUYE EL SERVICIO DE GEORREFERENCIACIÓN Y GEOLOCALIZACIÓN; PARA LA COMUNICACIÓN QUE PERMITA EL MONITOREO Y CONTACTO CON LA ENTIDAD TERRITORIAL EN SALUD A TRAVÉS DEL CENTRO REGULADOR DE URGENCIAS Y EMERGENCIAS CRUE VALLE DEL CAUCA.";https://community.secop.gov.co/Public/Tendering/OpportunityDetail/Index?noticeUID=CO1.NTC.10318827&isFromPublicArea=True&isModal=true&asPopupView=true
SI;No requirio revision (evidencia alta);;A_PROVEEDOR_SERVICIO;CO1.PCCNTR.9441414;4172.010.26.1.121-2026;ALTA;TRANSPORTE_VIAJES;SANTIAGO DE CALI DISTRITO ESPECIAL- SECRETARIA DE TURISMO;890399011;Prestación de servicios;Selección Abreviada de Menor Cuantía;UNSPECIFIED;ADONITRANS S.A.S.;NIT;900527861;;;;;530100000;0;2026-04-09;2026-04-14;2026-12-30;0;En ejecución;0;0;0;"Prestar el servicio de transporte terrestre automotor especial de pasajeros; mediante la disposición de un (1) vehículo tipo bus con capacidad mínima para 40 pasajeros; idóneo para la realización de recorridos educativos y guiados por los principales sitios de interés turístico del Distrito de Santiago de Cali dirigidos a población local; visitantes y/o turistas";https://community.secop.gov.co/Public/Tendering/OpportunityDetail/Index?noticeUID=CO1.NTC.10119670&isFromPublicArea=True&isModal=true&asPopupView=true
SI;CONFIRMADO en revision manual;El objeto dice 'procesos administrativos y LOGÍSTICOS' y 'actividades LOGÍSTICAS y operativas';A_PROVEEDOR_SERVICIO;CO1.PCCNTR.9595525;4135.010.26.1.127-2026;ALTA;LOGISTICA_EVENTOS;SANTIAGO DE CALI DISTRITO ESPECIAL - DEPARTAMENTO ADMINISTRATIVO DE CONTRATACION PUBLICA;890399011;Otro;Contratación directa;V1.80111600;Corporación de Eventos, Ferias y Espectáculos de Cali;NIT;800152075;;;;;523195222;0;2026-06-25;2026-06-26;2026-11-30;0;En ejecución;0;0;0;"Prestar servicios de apoyo para realización de los procesos administrativos y logísticos del Departamento Administrativo de Contratación Pública del Distrito Especial de Santiago de Cali; así como en la realización de las actividades logísticas y operativas requeridas por el organismo para la implementación; divulgación y ejecución de la estrategia Escuela Cali Contrata en el Distrito Especial de Santiago de Cali.";https://community.secop.gov.co/Public/Tendering/OpportunityDetail/Index?noticeUID=CO1.NTC.10417448&isFromPublicArea=True&isModal=true&asPopupView=true
SI;CONFIRMADO en revision manual;"Festival de Macetas de Alfeñique; el objeto dice 'logísticos'";A_PROVEEDOR_SERVICIO;CO1.PCCNTR.9577520;4148.010.27.1.0012-2026;ALTA;LOGISTICA_EVENTOS;SANTIAGO DE CALI  DISTRITO ESPECIAL - SECRETARIA DE CULTURA;890399011;Decreto 092 de 2017;Contratación régimen especial (con ofertas);V1.93141700;SEMILLA PAIS;NIT;9005892436;;;;;518437134;0;2026-06-18;2026-06-19;2026-11-18;0;En ejecución;0;0;0;"El Distrito de Santiago de Cali - Secretaría de Cultura; requiere aunar esfuerzos técnicos; administrativos; financieros y logísticos para el desarrollo del FESTIVAL de MACETAS de ALFEÑIQUE como principal acción de apropiación social; divulgación; fortalecimiento y salvaguardia de la manifestación patrimonial de la Nación - Celebrar a los ahijados con Maceta de Alfeñique gestionada por el colectivo de artesanos del azúcar en Santiago de Cali. Nombre del proyecto: Implementación de estrategias";https://community.secop.gov.co/Public/Tendering/OpportunityDetail/Index?noticeUID=CO1.NTC.10374756&isFromPublicArea=True&isModal=true&asPopupView=true
SI;No requirio revision (evidencia alta);;A_PROVEEDOR_SERVICIO;CO1.PCCNTR.9184332;4131.010.26.1.0818-2026;ALTA;ALMACENAMIENTO_BODEGA;SANTIAGO DE CALI DISTRITO ESPECIAL - DEPARTAMENTO ADMINISTRATIVO DE HACIENDA;890399011;Arrendamiento de inmuebles;Contratación directa;V1.80131502;ID INNOVACIÓN DOCUMENTAL SAS;NIT;901064529;;;;;508095595;0;2026-01-28;2026-01-30;2026-12-31;0;En ejecución;0;0;0;ARRENDAMIENTO DE EDIFICACIÓN PARA USO DE BODEGA Y OFICINA PARA LOS ARCHIVOS DEL DAH Y OFICINA PARA DESARROLLO DE ACTIVIDADES DE GESTIÓN DOCUMENTAL UAG- DAH;https://community.secop.gov.co/Public/Tendering/OpportunityDetail/Index?noticeUID=CO1.NTC.9815992&isFromPublicArea=True&isModal=true&asPopupView=true
SI;No requirio revision (evidencia alta);;A_PROVEEDOR_SERVICIO;CO1.PCCNTR.9325977;1.430-19.03-5994-2026;ALTA;ALIMENTACION_CATERING;DEPARTAMENTO DEL VALLE DEL CAUCA-SECRETARIA DE GESTION DEL RIESGO DE DESASTRES;8903990295;Otro;Contratación directa;V1.94131502;Fundación Tierra Posible;NIT;805024569;;;;;499994790;0;2026-02-06;2026-02-11;2026-06-11;63;Modificado;2;2;94;"ADQUISICIÓN DE KITS DE ALIMENTOS; ASEO Y COCINA TENDIENTES A APOYAR LAS LABORES DE EMERGENCIA DENTRO DEL PROYECTO DE INVERSIÓN: FORTALECIMIENTO DE LA GESTIÓN DEL RIESGO DE DESASTRES EN EL DEPARTAMENTO DEL VALLE DEL CAUCA";https://community.secop.gov.co/Public/Tendering/OpportunityDetail/Index?noticeUID=CO1.NTC.9992603&isFromPublicArea=True&isModal=true&asPopupView=true
SI;No requirio revision (evidencia alta);;A_PROVEEDOR_SERVICIO;CO1.PCCNTR.9745029;4163.001.26.1.393 -2026;ALTA;LOGISTICA_EVENTOS;SANTIAGO DE CALI DISTRITO ESPECIAL - SECRETARÍA DE GESTIÓN DEL RIESGO DE EMERGENCIAS Y DESASTRE;890399011;Prestación de servicios;Contratación régimen especial;V1.80161500;Corporación de Eventos, Ferias y Espectáculos de Cali;NIT;800152075;;;;;445000000;0;2026-07-31;2026-08-12;2026-12-18;0;En ejecución;0;0;0;ADQUIRIR SERVICIOS LOGÍSTICOS PARA REALIZACIÓN DE EVENTOS Y JORNADAS DE LA SECRETARIA DE GESTIÓN DEL RIESGO DE EMERGENCIAS Y DESASTRES;https://community.secop.gov.co/Public/Tendering/OpportunityDetail/Index?noticeUID=CO1.NTC.10617682&isFromPublicArea=True&isModal=true&asPopupView=true
SI;CONFIRMADO en revision manual;'Prestar servicios de apoyo LOGISTICO' — el texto viene sin espacios y por eso falló el filtro;A_PROVEEDOR_SERVICIO;CO1.PCCNTR.9213441;100.8.4.387.2026;ALTA;TRANSPORTE_VIAJES;CONCEJO DISTRITAL DE SANTIAGO DE CALI;890399011;Otro;Contratación Directa (con ofertas);V1.90111601;GESPRODE;NIT;800199735;;;;;440000000;0;2026-01-28;2026-02-03;2026-12-31;0;En ejecución;0;0;0;"PrestarserviciosdeapoyologísticoparalaejecucióndelPlande Bienestar e Incentivos2026delConcejoDistritaldeSantiagodeCali;conelfindegarantizarel desarrolloadecuadodeactividadesorientadas a mejorarelclimaorganizacional; elbienestardelosservidorespúblicosyprestarserviciosdeapoyopara la formaciónyfortalecimientodelascompetenciasdelosServidoresPúblicos del ConcejoDistritaldeSantiagodeCali; mediante la realización de capacitaciones conforme al Plan Institucional de Capacitaciones de la vigencia 2026";https://community.secop.gov.co/Public/Tendering/OpportunityDetail/Index?noticeUID=CO1.NTC.9803010&isFromPublicArea=True&isModal=true&asPopupView=true
SI;No requirio revision (evidencia alta);;A_PROVEEDOR_SERVICIO;CO1.PCCNTR.9516307;4161.010.26.1.852.2026;ALTA;LOGISTICA_EVENTOS|TRANSPORTE_VIAJES;SANTIAGO DE CALI DISTRITO ESPECIAL - SECRETARIA DE SEGURIDAD Y JUSTICIA;890399011;Prestación de servicios;Selección Abreviada de Menor Cuantía;UNSPECIFIED;MECOP;NIT;900301945;;;;;416120821;0;2026-05-20;2026-05-26;2026-12-31;0;En ejecución;0;0;0;"CONTRATAR OPERADOR LOGÍSTICO PARA DESARROLLAR UNA ESTRATEGIA DE ATENCIÓN INTEGRAL QUE CONTRIBUYA A RESOLVER NECESIDADES BÁSICAS COMO TRANSPORTE; ALOJAMIENTO Y ALIMENTACIÓN DE LAS PERSONAS EN SITUACIÓN DE RIESGO EXTREMO (VICTIMAS).";https://community.secop.gov.co/Public/Tendering/OpportunityDetail/Index?noticeUID=CO1.NTC.10205781&isFromPublicArea=True&isModal=true&asPopupView=true
SI;No requirio revision (evidencia alta);;A_PROVEEDOR_SERVICIO;CO1.PCCNTR.9428024;100.8.4.420-2026;ALTA;CAFETERIA;CONCEJO DISTRITAL DE SANTIAGO DE CALI;890399011;Prestación de servicios;Selección Abreviada de Menor Cuantía;UNSPECIFIED;CYC SUPERSERVICIOS INTEGRALES SAS;NIT;900970359;;;;;403970460;0;2026-04-01;2026-04-08;2026-12-31;0;En ejecución;0;0;0;"PRESTACIÓN DEL SERVICIO DE LIMPIEZA INTEGRAL Y CAFETERÍA INCLUYENDO ELEMENTOS E INSUMOS; PARA LAS DIFERENTES LOCACIONES E INSTALACIONES DE LA CORPORACIÓN CONCEJO DISTRITAL DE SANTIAGO DE CALI.";https://community.secop.gov.co/Public/Tendering/OpportunityDetail/Index?noticeUID=CO1.NTC.10136849&isFromPublicArea=True&isModal=true&asPopupView=true
SI;No requirio revision (evidencia alta);;A_PROVEEDOR_SERVICIO;CO1.PCCNTR.9435716;1.210.19.13-6047;ALTA;LOGISTICA_EVENTOS;GOBERNACION DEL VALLE DEL CAUCA - SECRETARIA DE EDUCACION;890399029;Prestación de servicios;Selección Abreviada de Menor Cuantía;UNSPECIFIED;Quack de Colombia SAS;NIT;900343131;;;;;400000000;0;2026-04-08;2026-04-20;2026-12-30;0;Modificado;3;2;0;Prestar los servicios de apoyo logístico para llevar a cabo la ejecución de las diferentes actividades que requiera realizar la Secretaría de Educación departamental;https://community.secop.gov.co/Public/Tendering/OpportunityDetail/Index?noticeUID=CO1.NTC.10138147&isFromPublicArea=True&isModal=true&asPopupView=true
SI;No requirio revision (evidencia alta);;A_PROVEEDOR_SERVICIO;CO1.PCCNTR.9335336;4172.010.26.1.120-2026;ALTA;LOGISTICA_EVENTOS;SANTIAGO DE CALI DISTRITO ESPECIAL- SECRETARIA DE TURISMO;890399011;Prestación de servicios;Selección Abreviada de Menor Cuantía;UNSPECIFIED;CACUMEN POST S.A.S.;NIT;900620597;;;;;374698125;0;2026-02-13;2026-02-20;2026-03-02;0;En ejecución;0;0;0;"Prestacion de servicios logisticos para la organización y ejecucion de una mision comercial institucional en la Vitrina Turistica ANATO 2026; con el fin de promover la oferta turística sostenible de Santiago de Cali como destino nacional e internacional";https://community.secop.gov.co/Public/Tendering/OpportunityDetail/Index?noticeUID=CO1.NTC.9853222&isFromPublicArea=True&isModal=true&asPopupView=true
SI;No requirio revision (evidencia alta);;A_PROVEEDOR_SERVICIO;CO1.PCCNTR.9282433;4132.010.26.1.388-2026;ALTA;ALMACENAMIENTO_BODEGA;PLANEACIÓN MUNICIPAL CALI**;890399011;Arrendamiento de inmuebles;Contratación directa;V1.80131500;AGPHSAS;NIT;9013917826;265500000;106200000;40.0;Diferencia entre valores registrados en el dataset de modificaciones;371700000;0;2026-01-30;2026-02-09;2026-08-31;62;Modificado;2;2;62;"Prestar el servicio de almacenamiento y custodia del mobiliario urbano del Distrito de Santiago de Cali; de conformidad con el proyecto de inversión denominado: Consolidación de los instrumentos de sostenibilidad del espacio público en Santiago de Cali - FICHA BP-26005243.";https://community.secop.gov.co/Public/Tendering/OpportunityDetail/Index?noticeUID=CO1.NTC.9913992&isFromPublicArea=True&isModal=true&asPopupView=true
SI;CONFIRMADO en revision manual;"Jornadas de oferta institucional en 42 entes territoriales; UNSPSC de catering; tuvo adición";A_PROVEEDOR_SERVICIO;CO1.PCCNTR.9146867;1.09.19.13-5851;ALTA;ALIMENTACION_CATERING;SECRETARIA GENERAL- GOBERNACION DEL VALLE;8903990295;Prestación de servicios;Contratación directa;V1.90101800;Fundación Recurso Humano Positivo;NIT;805023415;250000000;120000000;48.0;Monto declarado en el texto de la modificación en SECOP II;370000000;0;2026-01-26;2026-01-27;2026-06-30;0;Modificado;2;1;0;"PRESTAR EL SERVICIO DE APOYO; ACOMPAÑAMIENTO OPERATIVO Y ASISTENCIAL PARA LA INTEGRACIÓN; DIVULGACIÓN Y ARTICULACIÓN DE LA OFERTA INSTITUCIONAL DE LA GOBERNACIÓN DEL VALLE DEL CAUCA EN LOS 42 ENTES TERRITORIALES DEL DEPARTAMENTO; MEDIANTE LA IMPLEMENTACIÓN DE ACCIONES DE RELACIONAMIENTO Y COMUNICACIÓN DE DOBLE VÍA CON LA CIUDADANÍA; EN EL MARCO DEL PROYECTO DENOMINADO FORTALECIMIENTO DE UN SISTEMA INTEGRADO DE GESTIÓN DEL VALLE DEL CAUCA";https://community.secop.gov.co/Public/Tendering/OpportunityDetail/Index?noticeUID=CO1.NTC.9775337&isFromPublicArea=True&isModal=true&asPopupView=true
SI;No requirio revision (evidencia alta);;A_PROVEEDOR_SERVICIO;CO1.PCCNTR.9493589;4147.010.26.1.363-2026;ALTA;LOGISTICA_EVENTOS;SANTIAGO DE CALI DISTRITO ESPECIAL - SECRETARIA DE VIVIENDA SOCIAL Y HABITAT;890399011;Prestación de servicios;Selección Abreviada de Menor Cuantía;UNSPECIFIED;COMMERCE TEAM S.A.S BIC;Otro;900654358;;;;;327568860;0;2026-05-08;2026-05-12;2026-12-31;0;En ejecución;0;0;0;"PRESTACIÓN DE SERVICIOS DE OPERADOR LOGÍSTICO QUE BRINDE EL APOYO INTEGRAL EN LA PLANEACIÓN; ORGANIZACIÓN Y EJECUCIÓN DE EVENTOS; CAMPAÑAS Y ACTIVIDADES DE COMUNICACIÓN; PROMOCIÓN Y DIFUSIÓN DE LOS PROGRAMAS; PROYECTOS Y SERVICIOS FINANCIADOS CON RECURSOS DEL CRÉDITO PÚBLICO INVERTIR PARA CRECER; A DESARROLLARSE DURANTE LA VIGENCIA 2026 POR LA SECRETARÍA DE VIVIENDA SOCIAL Y HÁBITAT DEL DISTRITO ESPECIAL DE SANTIAGO DE CALI.";https://community.secop.gov.co/Public/Tendering/OpportunityDetail/Index?noticeUID=CO1.NTC.10211572&isFromPublicArea=True&isModal=true&asPopupView=true
SI;No requirio revision (evidencia alta);;A_PROVEEDOR_SERVICIO;CO1.PCCNTR.9547963;4148.010.26.1.0610-2026;ALTA;LOGISTICA_EVENTOS;SANTIAGO DE CALI  DISTRITO ESPECIAL - SECRETARIA DE CULTURA;890399011;Prestación de servicios;Selección Abreviada de Menor Cuantía;UNSPECIFIED;Quack de Colombia SAS;NIT;900343131;;;;;321095660;0;2026-06-04;2026-06-22;2026-11-30;0;En ejecución;0;0;0;"PRESTAR SERVICIOS LOGÍSTICOS Y OPERATIVOS PARA LA REALIZACIÓN DE ACTIVIDADES; REUNIONES Y ENCUENTROS CONEXOS CON LAS LABORES MISIONALES DEL ORGANISMO; INCLUYENDO LAS ACTIVIDADES REALIZADAS EN EL MARCO DE LOS PROCESOS DE PARTICIPACIÓN; CONSEJOS CULTURALES; ENTRE OTROS; EN ATENCIÓN AL PROYECTO DE INVERSIÓN DENOMINADO FORTALECIMIENTO DE LOS PROCESOS INSTITUCIONALES DE LA SECRETARÍA DE CULTURA DEL DISTRITO DE SANTIAGO DE CALI BP 26005365.";https://community.secop.gov.co/Public/Tendering/OpportunityDetail/Index?noticeUID=CO1.NTC.10286407&isFromPublicArea=True&isModal=true&asPopupView=true
SI;No requirio revision (evidencia alta);;A_PROVEEDOR_SERVICIO;CO1.PCCNTR.9667634;4148.010.26.1.0813-2026;ALTA;LOGISTICA_EVENTOS;SANTIAGO DE CALI  DISTRITO ESPECIAL - SECRETARIA DE CULTURA;890399011;Prestación de servicios;Selección Abreviada de Menor Cuantía;UNSPECIFIED;Quack de Colombia SAS;NIT;900343131;;;;;300018000;0;2026-07-16;2026-07-23;2026-11-30;0;En ejecución;0;0;0;"EL DISTRITO DE SANTIAGO DE CALI - SECRETARÍA DE CULTURA; REQUIERE LA PRESTACIÓN DE SERVICIOS LOGÍSTICOS PARA REALIZAR ACCIONES DE DIVULGACIÓN DE LOS BIENES DE INTERÉS CULTURAL DE SANTIAGO DE CALI DE CONFORMIDAD CON EL PROYECTO DE INVERSIÓN DENOMINADO PROTECCIÓN DE LOS BIENES DE INTERÉS CULTURAL DE SANTIAGO DE CALI BP-26005355.";https://community.secop.gov.co/Public/Tendering/OpportunityDetail/Index?noticeUID=CO1.NTC.10306022&isFromPublicArea=True&isModal=true&asPopupView=true
SI;CONFIRMADO en revision manual;'Planeación, alistamiento y ejecución de cinco (5) FERIAS';A_PROVEEDOR_SERVICIO;CO1.PCCNTR.9232131;1.310.19.18-5919 de 2026;ALTA;LOGISTICA_EVENTOS;SECRETARIA DE DESARROLLO ECONOMICO Y COMPETITIVIDAD;8903990295;Otro;Contratación directa;V1.80141900;FONDO MIXTO CARTAGO;NIT;901726012;;0;;SIN ADICIÓN EN VALOR — verificado en el documento del expediente;300000000;0;2026-01-28;2026-01-29;2026-08-15;46;Modificado;3;2;46;"PRESTAR SERVICIOS DE APOYO A LA GESTIÓN OPERATIVA REQUERIDOS PARA LA PLANEACIÓN; ALISTAMIENTO Y EJECUCIÓN DE CINCO (5) FERIAS QUE PROPICIEN ESPACIOS REALES DE MERCADO; VISIBILIZACIÓN DE LA OFERTA PRODUCTIVA; RELACIONAMIENTO EMPRESARIAL Y DINAMIZACIÓN DE LAS ECONOMÍAS LOCALES EN EL VALLE DEL CAUCA.";https://community.secop.gov.co/Public/Tendering/OpportunityDetail/Index?noticeUID=CO1.NTC.9863695&isFromPublicArea=True&isModal=true&asPopupView=true
SI;CONFIRMADO en revision manual;'Servicios técnicos, operativos y LOGÍSTICOS' para respuesta ante emergencias;A_PROVEEDOR_SERVICIO;CO1.PCCNTR.9281970;4163.001.26.1.196-2026;ALTA;LOGISTICA_EVENTOS;SANTIAGO DE CALI DISTRITO ESPECIAL - SECRETARÍA DE GESTIÓN DEL RIESGO DE EMERGENCIAS Y DESASTRE;890399011;Otro;Contratación Directa (con ofertas);V1.81141601;DEFENSA CIVIL COLOMBIANA;NIT;8999997171;;;;;300000000;0;2026-01-30;2026-02-12;2026-11-30;0;En ejecución;0;0;0;"PRESTAR LOS SERVICIOS TÉCNICOS; OPERATIVOS Y LOGÍSTICOS NECESARIOS PARA EL FORTALECIMIENTO DEL SISTEMA DISTRITAL DE GESTIÓN DEL RIESGO; CON EL FIN DE OPTIMIZAR LA RESPUESTA ANTE EMERGENCIAS Y DESASTRES QUE SE PRESENTEN EN EL DISTRITO ESPECIAL DE SANTIAGO DE CALI; EN EL MARCO DE LA LEY 1523 DE 2012 Y EN CONCORDANCIA CON EL PROYECTO BP-26005409 DE LA SECRETARÍA DE GESTIÓN DEL RIESGO DE EMERGENCIAS Y DESASTRES DEL DISTRITO ESPECIAL DE CALI.";https://community.secop.gov.co/Public/Tendering/OpportunityDetail/Index?noticeUID=CO1.NTC.9894501&isFromPublicArea=True&isModal=true&asPopupView=true
SI;CONFIRMADO en revision manual;New Balance Media Maratón de Cali 2026: evento masivo;A_PROVEEDOR_SERVICIO;CO1.PCCNTR.9306661;4162.010.26.1.0799-2026;ALTA;LOGISTICA_EVENTOS;SANTIAGO DE CALI DISTRITO ESPECIAL - SECRETARIA DEL DEPORTE Y LA RECREACIÓN;890399011;Decreto 092 de 2017;Contratación régimen especial;V1.80141600;LIGA VALLECAUCANA DE ATLETISMO;NIT;890306004;;;;;279999490;0;2026-01-30;2026-02-10;2026-08-10;10;Modificado;1;1;10;"Apoyar a la LIGA VALLECAUCANA DE ATLETISMO para el desarrollo de la NEW BALANCE MEDIA MARATÓN DE CALI 2026; conforme a la ficha BP- 26005304.; a desarrollarse en el Distrito Especial de Santiago de Cali.";https://community.secop.gov.co/Public/Tendering/OpportunityDetail/Index?noticeUID=CO1.NTC.9937693&isFromPublicArea=True&isModal=true&asPopupView=true
SI;No requirio revision (evidencia alta);;A_PROVEEDOR_SERVICIO;CO1.PCCNTR.9321421;4137.010.26.1.252-2026;ALTA;TRANSPORTE_VIAJES;SANTIAGO DE CALI DISTRITO ESPECIAL -DEPARTAMENTO ADMINISTRATIVO DE DESARROLLO E INNOVACION INSTITUCIONAL;890399011;Suministros;Mínima cuantía;V1.90121500;TURISMO DEL MORROSQUILLO LTDA;NIT;892200231;175090500;87545250;50.0;Monto declarado en el texto de la modificación en SECOP II;262635750;0;2026-02-05;2026-02-06;2026-04-05;0;Modificado;2;1;0;Suministro de tiquetes aéreos nacionales e internacionales para los servidores públicos autorizados en comisión de servicios y contratistas del Distrito Especial de Santiago de Cali;https://community.secop.gov.co/Public/Tendering/OpportunityDetail/Index?noticeUID=CO1.NTC.9796351&isFromPublicArea=True&isModal=true&asPopupView=true
SI;No requirio revision (evidencia alta);;A_PROVEEDOR_SERVICIO;CO1.PCCNTR.9288431;4152.010.32.1.642-2026;ALTA;ALMACENAMIENTO_BODEGA;SANTIAGO DE CALI DISTRITO ESPECIAL - SECRETARIA DE MOVILIDAD;890399011;Arrendamiento de inmuebles;Contratación directa;V1.78131800;ID INNOVACIÓN DOCUMENTAL SAS;NIT;901064529;;;;;245662240;0;2026-01-30;2026-02-17;2026-12-17;0;En ejecución;0;0;0;CONTRATAR EL ARRENDAMIENTO DE UN INMUEBLE ADECUADO PARA EL BODEGAJE DE DISTINTOS ELEMENTOS DE LA SECRETARIA DE MOVILIDAD PARA LOS PROCESOS DE DEMARCACIÓN Y SEÑALIZACIÓN.;https://community.secop.gov.co/Public/Tendering/OpportunityDetail/Index?noticeUID=CO1.NTC.9913745&isFromPublicArea=True&isModal=true&asPopupView=true
SI;No requirio revision (evidencia alta);;A_PROVEEDOR_SERVICIO;CO1.PCCNTR.8937837;100.8.4.46.2026;ALTA;ALMACENAMIENTO_BODEGA;CONCEJO DISTRITAL DE SANTIAGO DE CALI;890399011;Arrendamiento de inmuebles;Contratación directa;V1.80131500;ID INNOVACIÓN DOCUMENTAL SAS;NIT;901064529;;;;;234173343;0;2026-01-17;2026-01-22;2026-12-31;0;En ejecución;0;0;0;"ARRENDAMIENTO DE BIEN INMUEBLE TIPO BODEGA PARA LA ORGANIZACIÓN; ALMACENAMIENTO Y CUIDADO DEL ARCHIVO DEL CONCEJO DISTRITAL DE C";https://community.secop.gov.co/Public/Tendering/OpportunityDetail/Index?noticeUID=CO1.NTC.9571809&isFromPublicArea=True&isModal=true&asPopupView=true
SI;No requirio revision (evidencia alta);;A_PROVEEDOR_SERVICIO;CO1.PCCNTR.9344352;4132.010.26.1.444-2026;ALTA;TRANSPORTE_VIAJES;PLANEACIÓN MUNICIPAL CALI**;890399011;Prestación de servicios;Mínima cuantía;V1.78101800;K.L.T.;NIT;900149757;149710000;74793000;50.0;Monto declarado en el texto de la modificación en SECOP II;224503000;0;2026-02-17;2026-02-23;2026-12-30;0;Modificado;1;1;0;"Prestar el servicio de transporte que permita el desarrollo de las actividades de administración; mantenimiento y reposición del mobiliario urbano del Distrito de Santiago de Cali; de conformidad con el proyecto de inversión denominado: Consolidación de los instrumentos de sostenibilidad del espacio público en Santiago de Cali - FICHA BP-26005243.";https://community.secop.gov.co/Public/Tendering/OpportunityDetail/Index?noticeUID=CO1.NTC.9948268&isFromPublicArea=True&isModal=true&asPopupView=true
SI;No requirio revision (evidencia alta);;A_PROVEEDOR_SERVICIO;CO1.PCCNTR.9239235;1.09.19.13-5853;ALTA;ALIMENTACION_CATERING|LOGISTICA_EVENTOS;SECRETARIA GENERAL- GOBERNACION DEL VALLE;8903990295;Prestación de servicios;Contratación directa;V1.90101603;Quack de Colombia SAS;NIT;900343131;150000000;70000000;46.7;Monto declarado en el texto de la modificación en SECOP II;220000000;0;2026-01-29;2026-01-30;2026-08-31;92;Modificado;1;1;92;"Brindar el servicio de operación logística para llevar a cabo las actividades presenciales que requiera la Secretaría General y el Despacho de la Gobernadora del Departamento del Valle del Cauca; en desarrollo del proyecto denominado Fortalecimiento de un Sistema Integrado de Gestión del Valle del Cauca con el fin de lograr las metas de resultados y de producto del proyecto.";https://community.secop.gov.co/Public/Tendering/OpportunityDetail/Index?noticeUID=CO1.NTC.9871158&isFromPublicArea=True&isModal=true&asPopupView=true
SI;CONFIRMADO en revision manual;Campeonato Mundial Sub-17 de Levantamiento de Pesas: evento internacional;A_PROVEEDOR_SERVICIO;CO1.PCCNTR.9596313;4162.010.26.1.0796-2026;ALTA;LOGISTICA_EVENTOS;SANTIAGO DE CALI DISTRITO ESPECIAL - SECRETARIA DEL DEPORTE Y LA RECREACIÓN;890399011;Decreto 092 de 2017;Contratación régimen especial;V1.80141600;FEDERACIÓN COLOMBIANA DE LEVANTAMIENTO DE PESAS;NIT;890480912;;;;;199999110;0;2026-06-26;2026-06-26;2026-07-27;0;En ejecución;0;0;0;"Apoyar a la FEDERACIÓN COLOMBIANA DE LEVANTAMIENTO DE PESAS para el desarrollo del evento deportivo internacional Campeonato Mundial Sub-17 Cali 2026 de Levantamiento de Pesas; a desarrollarse en el Distrito Especial de Santiago de Cali.";https://community.secop.gov.co/Public/Tendering/OpportunityDetail/Index?noticeUID=CO1.NTC.10418815&isFromPublicArea=True&isModal=true&asPopupView=true
SI;CONFIRMADO leyendo los documentos del proceso;CONFIRMADO con el formato de especificaciones técnicas del proceso: canasta de 24 items que incluye 'Apoyo en Alimentacion: desayuno, almuerzo y cena (10 días)', 'Desayuno, Almuerzo y Cena hasta por 5/10 días', 'apoyo en alimentación tipo mercados' quincenal, 'Alojamiento en habitación sencilla', 'albergue o casa de paso hasta por tres meses', 'Transporte: tiquetes aéreos', 'tiquetes terrestre intermunicipal', 'transporte urbano' y 'Apoyo logístico' para pago de renta. El UNSPSC 90101600 estaba bien asignado.;A_PROVEEDOR_SERVICIO;CO1.PCCNTR.9527778;4164.010.26.1.0446-2026;ALTA;ALIMENTACION_CATERING|TRANSPORTE_VIAJES;SANTIAGO DE CALI DISTRITO ESPECIAL - SECRETARÍA DE PAZ Y CULTURA CIUDADANA;890399011;Prestación de servicios;Mínima cuantía;V1.90101600;IMPERIUM COMPANY S.A.S;NIT;901488783;;;;;175090500;0;2026-05-28;2026-06-09;2026-10-26;0;En ejecución;0;0;0;"CONTRATAR LA PRESTACION DE SERVICIOS PARA LA EJECUCIÓN DE ACCIONES DE PREVENCION; ATENCION Y ASISTENCIA INTEGRAL A VICTIMAS DE TRATA DE PERSONAS Y LIDERES Y LIDERESAS SOCIALES EN EL DISTRITO ESPECIAL DE SANTIAGO DE CALI";https://community.secop.gov.co/Public/Tendering/OpportunityDetail/Index?noticeUID=CO1.NTC.10245283&isFromPublicArea=True&isModal=true&asPopupView=true
SI;No requirio revision (evidencia alta);;A_PROVEEDOR_SERVICIO;CO1.PCCNTR.9628064;4137.010.26.1.296-2026;ALTA;TRANSPORTE_VIAJES;SANTIAGO DE CALI DISTRITO ESPECIAL -DEPARTAMENTO ADMINISTRATIVO DE DESARROLLO E INNOVACION INSTITUCIONAL;890399011;Suministros;Mínima cuantía;V1.78111502;TURISMO DEL MORROSQUILLO LTDA;NIT;892200231;;;;;175090500;0;2026-07-09;2026-07-10;2026-12-07;0;En ejecución;0;0;0;Suministro de tiquetes aéreos nacionales e internacionales para los servidores públicos autorizados en comisión de servicios y contratistas del Distrito Especial de Santiago de Cali.;https://community.secop.gov.co/Public/Tendering/OpportunityDetail/Index?noticeUID=CO1.NTC.10407829&isFromPublicArea=True&isModal=true&asPopupView=true
SI;No requirio revision (evidencia alta);;A_PROVEEDOR_SERVICIO;CO1.PCCNTR.9325971;1.340.19.13-5995;ALTA;TRANSPORTE_VIAJES;SECRETARIA DE MOVILIDAD Y TRANSPORTE;890399029;Prestación de servicios;Mínima cuantía;V1.20102302;CONSTRUCTORA OIKOGENIA S.A.S;NIT;901196812;;;;;175000000;0;2026-02-09;2026-02-10;2026-12-31;0;En ejecución;0;0;0;Contratar el servicio de arrendamiento de vehículos tipo grúa a todo costo para la atención de los vehículos siniestrados en los Municipios competencia de la Secretaría de Movilidad y Transporte del Valle del Cauca y vehículos detenidos en operativos en los Municipios del Valle del Cauca que se encuentran por fuera de la concesión.;https://community.secop.gov.co/Public/Tendering/OpportunityDetail/Index?noticeUID=CO1.NTC.9882227&isFromPublicArea=True&isModal=true&asPopupView=true
SI;No requirio revision (evidencia alta);;A_PROVEEDOR_SERVICIO;CO1.PCCNTR.9405539;4133.010.26.1.929-2026;ALTA;TRANSPORTE_VIAJES;DEPARTAMENTO ADMINISTRATIVO DE GESTION DEL MEDIO AMBIENTE DAGMA;890399011;Prestación de servicios;Mínima cuantía;V1.78101801;TRANSPORTES ESPECIALES Y TURISTICOS DE COLOMBIA SAS;NIT;805002020;;;;;175000000;0;2026-03-19;2026-03-26;2026-12-15;0;En ejecución;0;0;0;"Contratar el servicio de transporte de carga para el mantenimiento; control y seguimiento de las áreas del SIMAP";https://community.secop.gov.co/Public/Tendering/OpportunityDetail/Index?noticeUID=CO1.NTC.10078048&isFromPublicArea=True&isModal=true&asPopupView=true
SI;No requirio revision (evidencia alta);;A_PROVEEDOR_SERVICIO;CO1.PCCNTR.9403390;1.210.19.10-6041;ALTA;ALIMENTACION_CATERING;GOBERNACION DEL VALLE DEL CAUCA - SECRETARIA DE EDUCACION;890399029;Interventoría;Mínima cuantía;V1.93131600;PADEL AUDITORES SAS;NIT;819001616;;;;;174145004;0;2026-03-27;2026-04-22;2026-12-31;0;En ejecución;0;0;0;"REALIZAR LA INTERVENTORÍA TÉCNICA; JURÍDICA; ADMINISTRATIVA; FINANCIERA; CONTABLE Y AMBIENTAL A LA CONTRATACIÓN PARA EL SUMINISTRO DE COMPLEMENTOS ALIMENTARIOS DE LAS COMUNIDADES INDIGENAS DENTRO DEL PROYECTO FORTALECIMIENTO A LA PERMANENCIA EN LAS INSTITUCIONES EDUCATIVAS OFICIALES DE LOS 34 MUNICIPIOS NO CERTIFICADOS DEL DEPARTAMENTO DEL VALLE DEL CAUCA";https://community.secop.gov.co/Public/Tendering/OpportunityDetail/Index?noticeUID=CO1.NTC.10112380&isFromPublicArea=True&isModal=true&asPopupView=true
SI;No requirio revision (evidencia alta);;A_PROVEEDOR_SERVICIO;CO1.PCCNTR.9335055;4135.010.26.1.123-2026;ALTA;MENSAJERIA_CORREO;SANTIAGO DE CALI DISTRITO ESPECIAL - DEPARTAMENTO ADMINISTRATIVO DE CONTRATACION PUBLICA;890399011;Prestación de servicios;Mínima cuantía;V1.78102200;E S M LOGISTICA SAS;NIT;900429481;;;;;173890691;0;2026-02-11;2026-02-16;2026-12-15;0;En ejecución;0;0;0;"Contratar la prestación integral del servicio de mensajería expresa; correo electrónico certificado y paquetería; con cobertura urbana; rural y nacional; que incluya la recolección; transporte; seguimiento electrónico en tiempo real; custodia y entrega segura de documentos; comunicaciones oficiales y paquetes requeridos por los organismos de la administración pública del Distrito Especial de Santiago de Cali; garantizando trazabilidad; oportunidad en la entrega; seguro conforme a la Ley 1369 de";https://community.secop.gov.co/Public/Tendering/OpportunityDetail/Index?noticeUID=CO1.NTC.9931544&isFromPublicArea=True&isModal=true&asPopupView=true
SI;No requirio revision (evidencia alta);;A_PROVEEDOR_SERVICIO;CO1.PCCNTR.9508005;4173.010.26.1.0478-2026;ALTA;LOGISTICA_EVENTOS;SANTIAGO DE CALI DISTRITO ESPECIAL - SECRETARIA DE DESARROLLO TERRITORIAL Y PARTICIPACION CIUDADANA;890399011;Prestación de servicios;Mínima cuantía;V1.81141601;INNPACTA SOLUCIONES SAS;NIT;901698506;;;;;170000000;0;2026-05-14;2026-05-19;2026-06-30;0;Modificado;1;1;0;"Prestación de servicios de apoyo logístico a la Secretaría de Desarrollo Territorial y Participación Ciudadana del Distrito de Santiago de Cali; para la planificación; organización y ejecución de intervenciones en los territorios; con el fin de optimizar los procesos.";https://community.secop.gov.co/Public/Tendering/OpportunityDetail/Index?noticeUID=CO1.NTC.10256965&isFromPublicArea=True&isModal=true&asPopupView=true
SI;No requirio revision (evidencia alta);;A_PROVEEDOR_SERVICIO;CO1.PCCNTR.9378512;4133.010.26.1.925-2026;ALTA;TRANSPORTE_VIAJES;DEPARTAMENTO ADMINISTRATIVO DE GESTION DEL MEDIO AMBIENTE DAGMA;890399011;Otro;Mínima cuantía;V1.78101900;FUNDACION PARA EL DESARROLLO EMPRESARIAL Y COMUNITYARIO FUNDEC;NIT;805012405;;;;;160300000;0;2026-03-06;2026-03-09;2026-11-30;0;En ejecución;0;0;0;Prestar el servicio de arriería para el transporte de insumos a caballo y/o mula con el fin de contribuir al desarrollo de actividades tendientes a conservar y recuperar los ecosistemas del distrito especial de Santiago de Cali con ficha: BP-26005491;https://community.secop.gov.co/Public/Tendering/OpportunityDetail/Index?noticeUID=CO1.NTC.10058155&isFromPublicArea=True&isModal=true&asPopupView=true
SI;No requirio revision (evidencia alta);;A_PROVEEDOR_SERVICIO;CO1.PCCNTR.9465966;1.120.80.19.13-6056-2026;ALTA;LOGISTICA_EVENTOS|TRANSPORTE_VIAJES;DEPARTAMENTO DEL VALLE DEL CAUCA - UNIDAD ADMINISTRATIVA ESPECIAL DE IMPUESTOS RENTAS Y GESTION TRIBUTARIA;890399029;Prestación de servicios;Mínima cuantía;V1.78111502;Quack de Colombia SAS;NIT;900343131;;;;;150000000;0;2026-04-22;2026-04-24;2026-10-30;0;En ejecución;0;0;0;"PRESTACION DE SERVICIOS DE UN OPERADOR LOGISTICO PARA EL DESARROLLO DE LAS ACTIVIDADES MISIONALES DE LA UNIDAD ADMINISTRATIVA ESPECIAL DE IMPUESTOS; RENTAS Y GESTION TRIBUTARIA EN DESARROLLO DEL PROYECTO MEJORAMIENTO FINANCIERO EN EL MARCO DEL PROGRAMA ANTICONTRABANDO EN EL DEPARTAMENTO DEL VALLE DEL CAUCA";https://community.secop.gov.co/Public/Tendering/OpportunityDetail/Index?noticeUID=CO1.NTC.10202471&isFromPublicArea=True&isModal=true&asPopupView=true
SI;No requirio revision (evidencia alta);;A_PROVEEDOR_SERVICIO;CO1.PCCNTR.9682964;4145.010.26.1.1915-2026;ALTA;LOGISTICA_EVENTOS;SANTIAGO DE CALI DISTRITO ESPECIAL - SECRETARIA DISTRITAL DE SALUD DE CALI;890399011;Prestación de servicios;Mínima cuantía;V1.52161500;Sol Naciente;NIT;900509439;;;;;142886227;0;2026-07-28;;2026-08-10;0;Aprobado;0;0;0;"Prestar servicios de apoyo logístico a la Secretaría de Salud del Distrito Especial de Santiago de Cali para el desarrollo de 7 jornadas territoriales; y un espacio de articulación interinstitucional en el cumplimiento de su función misional.";https://community.secop.gov.co/Public/Tendering/OpportunityDetail/Index?noticeUID=CO1.NTC.10408740&isFromPublicArea=True&isModal=true&asPopupView=true
SI;No requirio revision (evidencia alta);;A_PROVEEDOR_SERVICIO;CO1.PCCNTR.9376167;1.340.19.13.6020;ALTA;ALMACENAMIENTO_BODEGA;SECRETARIA DE MOVILIDAD Y TRANSPORTE;890399029;Prestación de servicios;Mínima cuantía;V1.80131700;CONSTRUCTORA OIKOGENIA S.A.S;NIT;901196812;;;;;120000000;0;2026-03-06;2026-03-16;2026-12-31;0;En ejecución;0;0;0;Contratar el servicio de guarda y custodia de vehículos atendidos en siniestros en los Municipios competencia de la Secretaría de Movilidad y Transporte del Valle del Cauca y vehículos detenidos en operativos en los Municipios del Valle del Cauca que se encuentran por fuera de la concesión;https://community.secop.gov.co/Public/Tendering/OpportunityDetail/Index?noticeUID=CO1.NTC.10064643&isFromPublicArea=True&isModal=true&asPopupView=true
SI;No requirio revision (evidencia alta);;A_PROVEEDOR_SERVICIO;CO1.PCCNTR.9321670;1.09.19.15-5992;ALTA;TRANSPORTE_VIAJES;SECRETARIA GENERAL- GOBERNACION DEL VALLE;8903990295;Suministros;Mínima cuantía;V1.78111502;AGENCIA  DE  VIAJES Y TURISMO  AVIATUR S.A.S.;NIT;860000018;60000000;30000000;50.0;Monto declarado en el texto de la modificación en SECOP II;90000000;0;2026-02-05;2026-02-05;2026-12-15;0;Modificado;1;1;0;"CONTRATAR EL SUMINISTRO DE TIQUETES AÉREOS EN VUELOS NACIONALES E INTERNACIONALES; CON ASESORAMIENTO DE VUELOS; RECORRIDOS Y PUESTA DE TIQUETES QUE SE REQUIERAN POR PARTE DE LA SECRETARÍA GENERAL DEL DEPARTAMENTO DEL VALLE DEL CAUCA.";https://community.secop.gov.co/Public/Tendering/OpportunityDetail/Index?noticeUID=CO1.NTC.9781608&isFromPublicArea=True&isModal=true&asPopupView=true
SI;No requirio revision (evidencia alta);;A_PROVEEDOR_SERVICIO;CO1.PCCNTR.9441607;4163.001.26.1.204-2026;ALTA;ALIMENTACION_CATERING;SANTIAGO DE CALI DISTRITO ESPECIAL - SECRETARÍA DE GESTIÓN DEL RIESGO DE EMERGENCIAS Y DESASTRE;890399011;Suministros;Mínima cuantía;V1.94131602;LICITACIONES Y ASESORIAS LICCONT S.A.S.;NIT;901058050;;;;;70000000;0;2026-04-10;2026-04-23;2026-08-23;0;En ejecución;0;0;0;"ADQUIRIR KITS DE MERCADOS PARA LA ASISTENCIA COMO AYUDA HUMANITARIA A LAS FAMILIAS AFECTADAS POR DESASTRES EN SANTIAGO DE CALI; EN DESARROLLO DEL PROYECTO DENOMINADO ACTUALIZACIÓN DE LOS INSTRUMENTOS DE RESPUESTA Y MANEJO DE DESASTRES EN SANTIAGO DE CALI; BP-26005456.";https://community.secop.gov.co/Public/Tendering/OpportunityDetail/Index?noticeUID=CO1.NTC.10153413&isFromPublicArea=True&isModal=true&asPopupView=true
SI;No requirio revision (evidencia alta);;A_PROVEEDOR_SERVICIO;CO1.PCCNTR.9348067;100.8.4.419.2026;ALTA;CAFETERIA;CONCEJO DISTRITAL DE SANTIAGO DE CALI;890399011;Prestación de servicios;Mínima cuantía;V1.76111500;CYC SUPERSERVICIOS INTEGRALES SAS;NIT;900970359;43766607;21880000;50.0;Monto leído en el documento del expediente (RPC/CDP/ficha técnica del otrosí);65646607;0;2026-02-18;2026-02-23;2026-04-07;20;terminado;2;2;40;"Prestación del servicio de limpieza integral y cafetería incluyendo elementos e insumos; para las diferentes locaciones e instalaciones de la corporación Concejo Distrital de Santiago de Cali";https://community.secop.gov.co/Public/Tendering/OpportunityDetail/Index?noticeUID=CO1.NTC.10006485&isFromPublicArea=True&isModal=true&asPopupView=true
SI;No requirio revision (evidencia alta);;A_PROVEEDOR_SERVICIO;CO1.PCCNTR.9355515;1.120.19.15-6013;ALTA;TRANSPORTE_VIAJES;GOBVALLE - HACIENDA;8903990295;Suministros;Mínima cuantía;V1.90121502;AGENCIA  DE  VIAJES Y TURISMO  AVIATUR S.A.S.;NIT;860000018;;;;;64000000;0;2026-03-02;2026-03-11;2026-12-31;0;En ejecución;0;0;0;"CONTRATAR EL SUMINISTRO DE TIQUETES AÉREOS - NACIONALES E INTERNACIONALES - PARA EL DESPLAZAMIENTO DE LOS FUNCIONARIOS Y/O CONTRATISTAS DEL DEPARTAMENTO ADMINISTRATIVO DE HACIENDA Y FINANZAS PÚBLICAS DEL DEPARTAMENTO DEL VALLE DEL CAUCA; EN CUMPLIMIENTO DE SUS FUNCIONES Y/O ACTIVIDADES CONTRACTUALES";https://community.secop.gov.co/Public/Tendering/OpportunityDetail/Index?noticeUID=CO1.NTC.10036311&isFromPublicArea=True&isModal=true&asPopupView=true
SI;No requirio revision (evidencia alta);;A_PROVEEDOR_SERVICIO;CO1.PCCNTR.9391127;4132.010.26.1.445-2026;ALTA;TRANSPORTE_VIAJES;PLANEACIÓN MUNICIPAL CALI**;890399011;Prestación de servicios;Mínima cuantía;V1.78111800;K.L.T.;NIT;900149757;;;;;58740000;0;2026-03-16;2026-03-20;2026-12-31;0;En ejecución;0;0;0;"Prestar el servicio especial de transporte terrestre en la zona urbana y rural de Santiago de Cali; en horarios flexibles diurnos y/o nocturnos; de lunes a domingo para los servidores públicos y contratistas de la Subdirección de Planificación del Territorio del Departamento Administrativo de Planeación; de conformidad con el proyecto de inversión denominado: Consolidación del sistema de información geográfica de Santiago de Cali - Ficha BP 26005244";https://community.secop.gov.co/Public/Tendering/OpportunityDetail/Index?noticeUID=CO1.NTC.10078789&isFromPublicArea=True&isModal=true&asPopupView=true
SI;No requirio revision (evidencia alta);;A_PROVEEDOR_SERVICIO;CO1.PCCNTR.9318614;1.220.19.15-5996-2026;ALTA;TRANSPORTE_VIAJES;GOBERNACIÓN VALLE DEL CAUCA -SECRETARIA DE SALUD;890399029;Suministros;Mínima cuantía;V1.78111502;LOGISTICA Y GESTION DE NEGOCIOS;NIT;900582854;;;;;52000000;0;2026-02-11;2026-02-13;2026-12-31;0;En ejecución;0;0;0;"CONTRATAR EL SUMINISTRO DE TIQUETES AÉREOS; CON EL FIN DE GARANTIZAR EL DESPLAZAMIENTO DE LOS FUNCIONARIOS DE LA SECRETARIA DEPARTAMENTAL DE SALUD; EN CUMPLIMIENTO DE LOS PROCESOS ORIENTADOS A SU MISIÓN Y EL FORTALECIMIENTO DE LA LABOR INSTITUCIONAL.";https://community.secop.gov.co/Public/Tendering/OpportunityDetail/Index?noticeUID=CO1.NTC.9690546&isFromPublicArea=True&isModal=true&asPopupView=true
SI;No requirio revision (evidencia alta);;A_PROVEEDOR_SERVICIO;CO1.PCCNTR.9401706;1.250.19.15-6030;ALTA;CAFETERIA;GOBERNACION DEL VALLE DEL CAUCA - SECRETARIA DE DESARROLLO SOCIAL Y PARTICIPACION;8903990291;Suministros;Mínima cuantía;V1.44122107;COMERCIALIZADORA RUESAA S.A.S;NIT;900113756;;;;;50000000;0;2026-03-18;2026-03-24;2026-06-30;0;En ejecución;0;0;0;"ADQUIRIR EL SUMINISTRO DE ELEMENTOS DE PAPELERÍA; ASEO Y CAFETERÍA NECESARIOS PARA EL DESARROLLO DE LAS FUNCIONES DE LA SECRETARÍA DE DESARROLLO; INCLUSIÓN Y PARTICIPACIÓN SOCIAL DE LA GOBERNACIÓN DEL VALLE DEL CAUCA; DE ACUERDO CON LAS ESPECIFICACIONES TÉCNICAS EXIGIDAS.";https://community.secop.gov.co/Public/Tendering/OpportunityDetail/Index?noticeUID=CO1.NTC.10065852&isFromPublicArea=True&isModal=true&asPopupView=true
SI;No requirio revision (evidencia alta);;A_PROVEEDOR_SERVICIO;CO1.PCCNTR.9404204;1.210.19.15-6031;ALTA;ALIMENTACION_CATERING;GOBERNACION DEL VALLE DEL CAUCA - SECRETARIA DE EDUCACION;890399029;Suministros;Contratación régimen especial;V1.93131600;GEOCAPITAL S.A.;NIT;811017879;;;;;43864696;0;2026-03-18;2026-04-06;2026-12-30;0;En ejecución;0;0;0;"Celebrar en el Mercado de Compras Públicas -MCP- de la Bolsa Mercantil de Colombia S.A.-BMC-. la negociación o negociaciones necesarias para la Prestación del servicio y ejecución del Programa de Alimentación Escolar (PAE) con destino a los niños; niñas; adolescentes y jóvenes focalizados y registrados en el Sistema Integrado de Matrícula (SIMAT) como estudiantes oficiales de las Instituciones Educativas Oficiales de los municipios no certificados del Departamento del Valle del Cauca.";https://community.secop.gov.co/Public/Tendering/OpportunityDetail/Index?noticeUID=CO1.NTC.10136017&isFromPublicArea=True&isModal=true&asPopupView=true
SI;No requirio revision (evidencia alta);;A_PROVEEDOR_SERVICIO;CO1.PCCNTR.9501967;1.260.19.15-6061;ALTA;CAFETERIA;GOBERNACION DEL VALLE- SECRETARIA DE MUJER, EQUIDAD DE GENERO Y DIVERSIDAD SEXUAL;890399029;Suministros;Mínima cuantía;V1.44121701;COMERCIALIZADORA RUESAA S.A.S;NIT;900113756;;;;;41009597;0;2026-05-11;2026-05-11;2026-10-31;0;En ejecución;0;0;0;"SUMINISTRO DE ELEMENTOS DE CAFETERÍA; PAPELERÍA; ARTÍCULOS DE OFICINA Y ASEO PARA LA SECRETARIA DE MUJER; EQUIDAD DE GÉNERO Y DIVERSIDAD SEXUAL; DE ACUERDO A LAS ESPECIFICACIONES TÉCNICAS EXIGIDAS";https://community.secop.gov.co/Public/Tendering/OpportunityDetail/Index?noticeUID=CO1.NTC.10247256&isFromPublicArea=True&isModal=true&asPopupView=true
SI;No requirio revision (evidencia alta);;A_PROVEEDOR_SERVICIO;CO1.PCCNTR.9536848;1.370.19.15-6067;ALTA;CAFETERIA;DEPARTAMENTO DEL VALLE DEL CAUCA - SECRETARIA DE TURISMO;890399029;Suministros;Mínima cuantía;V1.44121708;COMERCIALIZADORA RUESAA S.A.S;NIT;900113756;;;;;30717097;0;2026-05-28;2026-06-17;2026-10-31;0;En ejecución;0;0;0;"SUMINISTRO DE INSUMOS DE OFICINA; PAPELERIA; CAFETERIA Y ASEO; CON EL FIN DE GARANTIZAR EL FUNCIONAMIENTO DE LA SECRETARIA DE TURISMO DEL DEPARTAMENTO DEL VALLE DEL CAUCA; QUE CUMPLA CON LAS ESPECIFICACIONES TECNICAS EXIGIDAS.";https://community.secop.gov.co/Public/Tendering/OpportunityDetail/Index?noticeUID=CO1.NTC.10294764&isFromPublicArea=True&isModal=true&asPopupView=true
SI;No requirio revision (evidencia alta);;A_PROVEEDOR_SERVICIO;CO1.PCCNTR.9397230;1.02.19.15-6028;ALTA;TRANSPORTE_VIAJES;CASA DEL VALLE- GOBERNACION DEL VALLE;8903990295;Suministros;Mínima cuantía;V1.78111502;AGENCIA  DE  VIAJES Y TURISMO  AVIATUR S.A.S.;NIT;860000018;;;;;30000000;0;2026-03-21;2026-03-25;2026-12-11;0;En ejecución;1;0;0;"SUMINISTRAR A LA OFICINA CASA DEL VALLE EN BOGOTA; TIQUETES AEREOS A DESTINOS NACIONALES E INTERNACIONALES; CON EL FIN DE DAR CUMPLIMIENTO A SUS FUNCIONES INSTITUCIONALES Y MISIONALES";https://community.secop.gov.co/Public/Tendering/OpportunityDetail/Index?noticeUID=CO1.NTC.10109120&isFromPublicArea=True&isModal=true&asPopupView=true
SI;No requirio revision (evidencia alta);;A_PROVEEDOR_SERVICIO;CO1.PCCNTR.9537628;100.8.4.421.2026;ALTA;LOGISTICA_EVENTOS;CONCEJO DISTRITAL DE SANTIAGO DE CALI;890399011;Prestación de servicios;Mínima cuantía;V1.80101600;UNIVERSIDAD DE PAMPLONA;NIT;890501510;;;;;30000000;0;2026-06-01;2026-06-03;2026-08-31;0;En ejecución;0;0;0;"Contratar la prestación de servicios de asesoría técnica; jurídica y apoyo logístico para la realización de la convocatoria pública de elección del Contralor Distrital de Santiago de Cali; para el periodo 2026-2029; de conformidad con la normatividad vigente";https://community.secop.gov.co/Public/Tendering/OpportunityDetail/Index?noticeUID=CO1.NTC.10307585&isFromPublicArea=True&isModal=true&asPopupView=true
SI;No requirio revision (evidencia alta);;A_PROVEEDOR_SERVICIO;CO1.PCCNTR.9590824;1.320-19.15-6080;ALTA;CAFETERIA;GOBERNACIÓN DEL VALLE DEL CAUCA - SECRETARÍA DE DESARROLLO RURAL, AGRICULTURA Y PESCA;8903990295;Suministros;Mínima cuantía;V1.44122003;COMERCIALIZADORA RUESAA S.A.S;NIT;900113756;;;;;30000000;0;2026-06-25;2026-07-09;2026-10-31;0;En ejecución;0;0;0;"ADQUISICIÓN; ENTREGA Y SUMINISTRO OPORTUNO DE MATERIALES; ARTÍCULOS DE PAPELERÍA; CAFETERIA; ELEMENTOS Y EQUIPOS DE OFICINA PARA ATENDER Y DAR CUMPLIMIENTO A LAS ACCIONES Y FUNCIONES PROPIAS DE LA SECRETARIA DE DESARROLLO RURAL; AGRICULTURA Y PESCA DE LA GOBERNACIÓN DEL VALLE DEL CAUCA; CONFORME A LAS ESPECIFICACIONES TÉCNICAS; CANTIDADES; CALIDADES Y CONDICIONES ESTABLECIDAS POR LA ENTIDAD";https://community.secop.gov.co/Public/Tendering/OpportunityDetail/Index?noticeUID=CO1.NTC.10384915&isFromPublicArea=True&isModal=true&asPopupView=true
SI;No requirio revision (evidencia alta);;A_PROVEEDOR_SERVICIO;CO1.PCCNTR.9369002;1.310.19.15-6019-2026;ALTA;TRANSPORTE_VIAJES;SECRETARIA DE DESARROLLO ECONOMICO Y COMPETITIVIDAD;8903990295;Suministros;Mínima cuantía;V1.78111502;AGENCIA  DE  VIAJES Y TURISMO  AVIATUR S.A.S.;NIT;860000018;;;;;25000000;0;2026-03-09;2026-03-11;2026-12-15;0;En ejecución;0;0;0;"PROVEER TIQUETES AÉREOS A LA SECRETARIA DE DESARROLLO ECONÓMICO; COMPETITIVIDAD Y FOMENTO DEL EMPLEO DEL VALLE DEL CAUCA; DE ACUERDO A LAS SOLICITUDES EN RUTAS NACIONALES E INTERNACIONALES; PARA LOS DESPLAZAMIENTOS QUE SE REQUIERAN EN CUMPLIMIENTO DE LAS FUNCIONES MISIONALES DE LA DEPENDENCIA.";https://community.secop.gov.co/Public/Tendering/OpportunityDetail/Index?noticeUID=CO1.NTC.10059436&isFromPublicArea=True&isModal=true&asPopupView=true
SI;No requirio revision (evidencia alta);;A_PROVEEDOR_SERVICIO;CO1.PCCNTR.8907626;4123.010.26.1.028-2026;ALTA;ALMACENAMIENTO_BODEGA;SANTIAGO DE CALI DISTRITO ESPECIAL - DEPARTAMENTO ADMINISTRATIVO DE CONTROL INTERNO;890399011;Arrendamiento de inmuebles;Contratación directa;V1.80131502;GRUPO G 50 SOCIEDAD POR ACCIONES SIMPLIFICADA;NIT;900834279;;;;;24000000;0;2026-01-16;2026-01-23;2026-12-31;0;En ejecución;0;0;0;"ARRENDAR UN INMUEBLE CONSISTENTE EN UNA OFICINA/BODEGA PARA EL ALMACENAMIENTO DOCUMENTAL DEL DACI; CON UN AREA DE 27M2; UBICADA EN LA CARRERA 9 # 10-40; OFICINA 407; PISO 4; DE LA CIUDAD DE SANTIAGO DE CALI; LA CUAL HACE PARTE DE UN INMUEBLE DE MAYOR EXTENSION; IDENTIFICADO CON EL FOLIO DE MATRICULA INMOBILIARIA No. 370-21075; CUYOS LINDEROS SE ENCUENTRAN DESCRITOS EN LA EP No. 1943 DEL 26/05/2015; OTORGADA EN LA NOTARIA TERCERA DE CALI; INMUEBLE QUE SE ARRIENDA COMO CUERPO CIERTO";https://community.secop.gov.co/Public/Tendering/OpportunityDetail/Index?noticeUID=CO1.NTC.9540930&isFromPublicArea=True&isModal=true&asPopupView=true
SI;No requirio revision (evidencia alta);;A_PROVEEDOR_SERVICIO;CO1.PCCNTR.9364087;1.220-19.13-6016;ALTA;TRANSPORTE_VIAJES;GOBERNACIÓN VALLE DEL CAUCA -SECRETARIA DE SALUD;890399029;Prestación de servicios;Mínima cuantía;V1.78101801;ELITE LOGISTICA Y RENDIMIENTO S.A.S;NIT;900150640;;;;;22799999;0;2026-03-03;2026-03-05;2026-12-31;0;En ejecución;0;0;0;"Contratar los servicios de transporte de muestras biológicas; biocontenedores y de reactivos; para el fortalecimiento de las acciones de vigilancia de eventos de interés en salud pública en el Laboratorio de Salud Pública Departamental del Valle del Cauca.";https://community.secop.gov.co/Public/Tendering/OpportunityDetail/Index?noticeUID=CO1.NTC.10043472&isFromPublicArea=True&isModal=true&asPopupView=true
SI;No requirio revision (evidencia alta);;A_PROVEEDOR_SERVICIO;CO1.PCCNTR.9466910;1.310.19.15-6057-2026;ALTA;CAFETERIA;SECRETARIA DE DESARROLLO ECONOMICO Y COMPETITIVIDAD;8903990295;Compraventa;Mínima cuantía;V1.52151501;COMERCIALIZADORA RUESAA S.A.S;NIT;900113756;11909770;5954430;50.0;Diferencia entre valores registrados en el dataset de modificaciones;17864200;0;2026-04-24;2026-04-29;2026-12-15;0;Modificado;2;1;0;"SUMINISTRO DE ELEMENTOS DE PAPELERÍA; ASEO Y CAFETERÍA PARA EL DESARROLLO DE LAS ACTIVIDADES PROPIAS DE LA SECRETARÍA DE DESARROLLO ECONÓMICO; COMPETITIVIDAD Y FOMENTO DEL EMPLEO DEL DEPARTAMENTO DEL VALLE DEL CAUCA";https://community.secop.gov.co/Public/Tendering/OpportunityDetail/Index?noticeUID=CO1.NTC.10201635&isFromPublicArea=True&isModal=true&asPopupView=true
SI;No requirio revision (evidencia alta);;A_PROVEEDOR_SERVICIO;CO1.PCCNTR.9498345;4151.010.26.1.0708-2026;ALTA;MENSAJERIA_CORREO;SANTIAGO DE CALI DISTRITO ESPECIAL - SECRETARIA DE INFRAESTRUCTURA;890399011;Prestación de servicios;Mínima cuantía;V1.43223202;CREAR IMAGEN DISEÑO WEB Y MULTIMEDIA S.A.S;NIT;900457310;;;;;13496412;0;2026-05-08;2026-05-15;2026-12-15;0;En ejecución;0;0;0;Contratar el servicio de mensajería de voz y texto y herramientas de comunicación para gestión de cartera de la Secretaría de Infraestructura.;https://community.secop.gov.co/Public/Tendering/OpportunityDetail/Index?noticeUID=CO1.NTC.10207675&isFromPublicArea=True&isModal=true&asPopupView=true
SI;No requirio revision (evidencia alta);;B_CPS_PERSONA;CO1.PCCNTR.9361574;1.410-19.13-6014;ALTA;TRANSPORTE_VIAJES;GOBERNACION DEL VALLE - SECRETARIA DE CONVIVENCIA Y SEGURIDAD CIUDADANA;890399029;Prestación de servicios;Licitación pública;V1.78111700;SEGUNDO ALFONSO SOLIS GRUESO;Cédula de Ciudadanía;6159644;;;;;4600000000;0;2026-02-26;2026-02-27;2026-07-31;0;En ejecución;0;0;0;"PRESTACIÓN DEL SERVICIO DE TRANSPORTE MARÍTIMO Y FLUVIAL PARA GARANTIZAR EL DESPLAZAMIENTO DE LA ARMADA NACIONAL POR LOS CORREGIMIENTOS MARÍTIMOS Y FLUVIALES DEL ÁREA RURAL DEL DISTRITO ESPECIAL DE BUENAVENTURA PARA ATENDER LOS PROCESOS ELECTORALES DE SENADO Y CAMARA; ASÍ COMO PRESIDENCIALES DEL AÑO 2026";https://community.secop.gov.co/Public/Tendering/OpportunityDetail/Index?noticeUID=CO1.NTC.9990796&isFromPublicArea=True&isModal=true&asPopupView=true
SI;No requirio revision (evidencia alta);;B_CPS_PERSONA;CO1.PCCNTR.9686895;1.210.19.13-8166;ALTA;ALIMENTACION_CATERING;GOBERNACION DEL VALLE DEL CAUCA - SECRETARIA DE EDUCACION;890399029;Prestación de servicios;Contratación directa;V1.80111600;OSCAR J. ORTIZ CUELLAR;Cédula de Ciudadanía;14897881;;;;;90000000;0;2026-07-18;2026-07-22;2027-03-31;90;Modificado;1;1;90;"PRESTACION DE SERVICIOS PROFESIONALES ESPECIALIZADOS EN EL EJE DE TRANSPARENCIA EN APOYO DEL PROGRAMA DE ALIMENTACION ESCOLAR DE LA SECRETARIA DE EDUCACION DEPARTAMENTAL; EN EL MARCO DEL PROYECTO: IMPLEMENTACIÓN DEL PROGRAMA DE ALIMENTACIÓN ESCOLAR PARA LOS ESTABLECIMIENTOS EDUCATIVOS OFICIALES PARA MUNICIPIOS NO CERTIFICADOS DEL DEPARTAMETNO DEL VALLE DEL CAUCA.";https://community.secop.gov.co/Public/Tendering/OpportunityDetail/Index?noticeUID=CO1.NTC.10541421&isFromPublicArea=True&isModal=true&asPopupView=true
SI;No requirio revision (evidencia alta);;B_CPS_PERSONA;CO1.PCCNTR.9686672;1.210.19.13-8167;ALTA;ALIMENTACION_CATERING;GOBERNACION DEL VALLE DEL CAUCA - SECRETARIA DE EDUCACION;890399029;Prestación de servicios;Contratación directa;V1.80111600;Viviana Martinez Garcia;Cédula de Ciudadanía;1114455965;;;;;72000000;0;2026-07-18;2026-07-22;2027-03-31;0;Modificado;1;1;0;"PRESTACION DE SERVICIOS PROFESIONALES EN EL EJE DE TRANSPARENCIA EN APOYO DEL PROGRAMA DE ALIMENTACION ESCOLAR DE LA SECRETARIA DE EDUCACION DEPARTAMENTAL; EN EL MARCO DEL PROYECTO: IMPLEMENTACIÓN DEL PROGRAMA DE ALIMENTACIÓN ESCOLAR PARA LOS ESTABLECIMIENTOS EDUCATIVOS OFICIALES PARA MUNICIPIOS NO CERTIFICADOS DEL DEPARTAMETNO DEL VALLE DEL CAUCA.";https://community.secop.gov.co/Public/Tendering/OpportunityDetail/Index?noticeUID=CO1.NTC.10541040&isFromPublicArea=True&isModal=true&asPopupView=true
SI;No requirio revision (evidencia alta);;B_CPS_PERSONA;CO1.PCCNTR.9676127;1.210.19.13-8144;ALTA;ALIMENTACION_CATERING;GOBERNACION DEL VALLE DEL CAUCA - SECRETARIA DE EDUCACION;890399029;Prestación de servicios;Contratación directa;V1.80111600;Yeison Rueda Maturana;Cédula de Ciudadanía;16285994;;;;;68046264;0;2026-07-17;2026-07-23;2026-12-30;0;En ejecución;0;0;0;"PRESTACION DE SERVICIOS PROFESIONALES ESPECIALIZADOS EN EL EJE DE TRANSPARENCIA; PARA EL COMPONENTE DE COORDINACIÓN EN EL PROGRAMA DE ALIMENTACIÓN ESCOLAR DE LA SECRETARIA DE EDUCACIÓN DEPARTAMENTAL DEL VALLE DEL CAUCA; EN EL MARCO DEL PROYECTO: FORTALECIMIENTO A LA PERMANENCIA EN LAS INSTITUCIONES EDUCATIVAS OFICIALES DE LOS 34 MUNICIPIOS NO CERTIFICADOS DEL DEPARTAMENTO DEL VALLE DEL CAUCA";https://community.secop.gov.co/Public/Tendering/OpportunityDetail/Index?noticeUID=CO1.NTC.10527384&isFromPublicArea=True&isModal=true&asPopupView=true
SI;No requirio revision (evidencia alta);;B_CPS_PERSONA;CO1.PCCNTR.9671842;1.210.19.13. 8149;ALTA;ALIMENTACION_CATERING;GOBERNACION DEL VALLE DEL CAUCA - SECRETARIA DE EDUCACION;890399029;Prestación de servicios;Contratación directa;V1.80111600;Santiago.Arzuaga;Cédula de Ciudadanía;1115073605;;;;;47631060;0;2026-07-16;2026-07-23;2026-12-30;0;En ejecución;0;0;0;"PRESTACION DE SERVICIOS PROFESIONALES EN EL EJE DE TRANSPARENCIA PARA BRINDAR APOYO EN EL PROGRAMA DE ALIMENTACION ESCOLAR DE LA SECRETARIA DE EDUCACION DEPARTAMENTAL; EN EL MARCO DEL PROYECTO FORTALECIMIENTO A LA PERMANENCIA EN LAS INSTITUCIONES EDUCATIVAS OFICIALES DE LOS 34 MUNICIPIOS NO CERTIFICADOS DEL DEPARTAMENTO DEL VALLE DEL CAUCA.";https://community.secop.gov.co/Public/Tendering/OpportunityDetail/Index?noticeUID=CO1.NTC.10521776&isFromPublicArea=True&isModal=true&asPopupView=true
SI;No requirio revision (evidencia alta);;B_CPS_PERSONA;CO1.PCCNTR.9684917;1.210.19.13-8145;ALTA;ALIMENTACION_CATERING;GOBERNACION DEL VALLE DEL CAUCA - SECRETARIA DE EDUCACION;890399029;Prestación de servicios;Contratación directa;V1.80111600;Kevin Steban Acevedo Colina;Cédula de Ciudadanía;1143865907;;;;;47631060;0;2026-07-17;2026-07-23;2026-12-30;0;En ejecución;0;0;0;"PRESTACION DE SERVICIOS PROFESIONALES EN EL EJE DE TRANSPARENCIA PARA BRINDAR APOYO EN EL PROGRAMA DE ALIMENTACION ESCOLAR DE LA SECRETARIA DE EDUCACION DEPARTAMENTAL; EN EL MARCO DEL PROYECTO FORTALECIMIENTO A LA PERMANENCIA EN LAS INSTITUCIONES EDUCATIVAS OFICIALES DE LOS 34 MUNICIPIOS NO CERTIFICADOS DEL DEPARTAMENTO DEL VALLE DEL CAUCA.";https://community.secop.gov.co/Public/Tendering/OpportunityDetail/Index?noticeUID=CO1.NTC.10538482&isFromPublicArea=True&isModal=true&asPopupView=true
SI;No requirio revision (evidencia alta);;B_CPS_PERSONA;CO1.PCCNTR.9686831;1.210.19.13-8146;ALTA;ALIMENTACION_CATERING;GOBERNACION DEL VALLE DEL CAUCA - SECRETARIA DE EDUCACION;890399029;Prestación de servicios;Contratación directa;V1.80111600;MARIA ANGELICA CABALLERO QUIÑONEZ;Cédula de Ciudadanía;38642295;;;;;47631060;0;2026-07-18;2026-07-22;2026-12-30;0;Modificado;1;1;0;"PRESTACION DE SERVICIOS PROFESIONALES EN EL EJE DE TRANSPARENCIA PARA BRINDAR APOYO EN EL PROGRAMA DE ALIMENTACION ESCOLAR DE LA SECRETARIA DE EDUCACION DEPARTAMENTAL; EN EL MARCO DEL PROYECTO FORTALECIMIENTO A LA PERMANENCIA EN LAS INSTITUCIONES EDUCATIVAS OFICIALES DE LOS 34 MUNICIPIOS NO CERTIFICADOS DEL DEPARTAMENTO DEL VALLE DEL CAUCA.";https://community.secop.gov.co/Public/Tendering/OpportunityDetail/Index?noticeUID=CO1.NTC.10541007&isFromPublicArea=True&isModal=true&asPopupView=true
SI;No requirio revision (evidencia alta);;B_CPS_PERSONA;CO1.PCCNTR.9686957;1.210.19.13-8147;ALTA;ALIMENTACION_CATERING;GOBERNACION DEL VALLE DEL CAUCA - SECRETARIA DE EDUCACION;890399029;Prestación de servicios;Contratación directa;V1.80111600;Lina Marcela Ramirez Sanclemente;Cédula de Ciudadanía;1107094044;;;;;47631060;0;2026-07-18;2026-07-24;2026-12-30;0;En ejecución;0;0;0;"PRESTACION DE SERVICIOS PROFESIONALES EN EL EJE DE TRANSPARENCIA PARA BRINDAR APOYO EN EL PROGRAMA DE ALIMENTACION ESCOLAR DE LA SECRETARIA DE EDUCACION DEPARTAMENTAL; EN EL MARCO DEL PROYECTO FORTALECIMIENTO A LA PERMANENCIA EN LAS INSTITUCIONES EDUCATIVAS OFICIALES DE LOS 34 MUNICIPIOS NO CERTIFICADOS DEL DEPARTAMENTO DEL VALLE DEL CAUCA.";https://community.secop.gov.co/Public/Tendering/OpportunityDetail/Index?noticeUID=CO1.NTC.10541312&isFromPublicArea=True&isModal=true&asPopupView=true
SI;No requirio revision (evidencia alta);;B_CPS_PERSONA;CO1.PCCNTR.9687218;1.210.19.13-8151;ALTA;ALIMENTACION_CATERING;GOBERNACION DEL VALLE DEL CAUCA - SECRETARIA DE EDUCACION;890399029;Prestación de servicios;Contratación directa;V1.80111600;Carlos Alberto Rios Palomino;Cédula de Ciudadanía;16216374;;;;;47631060;0;2026-07-18;2026-07-24;2026-12-30;0;En ejecución;0;0;0;"PRESTACION DE SERVICIOS PROFESIONALES EN EL EJE DE FINANCIACIÓN EN APOYO DEL PROGRAMA DE ALIMENTACION ESCOLAR DE LA SECRETARIA DE EDUCACION DEPARTAMENTAL; EN EL MARCO DEL PROYECTO FORTALECIMIENTO A LA PERMANENCIA EN LAS INSTITUCIONES EDUCATIVAS OFICIALES DE LOS 34 MUNICIPIOS NO CERTIFICADOS DEL DEPARTAMENTO DEL VALLE DEL CAUCA.";https://community.secop.gov.co/Public/Tendering/OpportunityDetail/Index?noticeUID=CO1.NTC.10541517&isFromPublicArea=True&isModal=true&asPopupView=true
SI;No requirio revision (evidencia alta);;B_CPS_PERSONA;CO1.PCCNTR.9687219;1.210.19.13-8150;ALTA;ALIMENTACION_CATERING;GOBERNACION DEL VALLE DEL CAUCA - SECRETARIA DE EDUCACION;890399029;Prestación de servicios;Contratación directa;V1.80111600;JULIO CESAR AGUDELO PEREZ;Cédula de Ciudadanía;16699697;;;;;47631060;0;2026-07-20;2026-07-24;2026-12-30;0;En ejecución;0;0;0;"PRESTACION DE SERVICIOS PROFESIONALES EN EL EJE DE FINANCIACIÓN EN APOYO DEL PROGRAMA DE ALIMENTACION ESCOLAR DE LA SECRETARIA DE EDUCACION DEPARTAMENTAL; EN EL MARCO DEL PROYECTO FORTALECIMIENTO A LA PERMANENCIA EN LAS INSTITUCIONES EDUCATIVAS OFICIALES DE LOS 34 MUNICIPIOS NO CERTIFICADOS DEL DEPARTAMENTO DEL VALLE DEL CAUCA.";https://community.secop.gov.co/Public/Tendering/OpportunityDetail/Index?noticeUID=CO1.NTC.10541608&isFromPublicArea=True&isModal=true&asPopupView=true
SI;No requirio revision (evidencia alta);;B_CPS_PERSONA;CO1.PCCNTR.9688178;1.210.19.13-8170;ALTA;ALIMENTACION_CATERING;GOBERNACION DEL VALLE DEL CAUCA - SECRETARIA DE EDUCACION;890399029;Prestación de servicios;Contratación directa;V1.80111600;ANDRES FELIPE ESCOBAR REINA;Cédula de Ciudadanía;94451169;;;;;47631060;0;2026-07-20;2026-07-24;2026-12-30;0;En ejecución;0;0;0;"PRESTACION DE SERVICIOS PROFESIONALES EN EL EJE DE TRANSPARENCIA PARA BRINDAR APOYO EN EL PROGRAMA DE ALIMENTACION ESCOLAR DE LA SECRETARIA DE EDUCACION DEPARTAMENTAL; EN EL MARCO DEL PROYECTO FORTALECIMIENTO A LA PERMANENCIA EN LAS INSTITUCIONES EDUCATIVAS OFICIALES DE LOS 34 MUNICIPIOS NO CERTIFICADOS DEL DEPARTAMENTO DEL VALLE DEL CAUCA.";https://community.secop.gov.co/Public/Tendering/OpportunityDetail/Index?noticeUID=CO1.NTC.10542092&isFromPublicArea=True&isModal=true&asPopupView=true
SI;No requirio revision (evidencia alta);;B_CPS_PERSONA;CO1.PCCNTR.9688487;1.210.19.13-8153;ALTA;ALIMENTACION_CATERING;GOBERNACION DEL VALLE DEL CAUCA - SECRETARIA DE EDUCACION;890399029;Prestación de servicios;Contratación directa;V1.80111600;CARMEN CECILIA VASQUEZ DE GARCIA;Cédula de Ciudadanía;29991066;;;;;47631060;0;2026-07-20;2026-07-24;2026-12-30;0;En ejecución;0;0;0;"PRESTACION DE SERVICIOS PROFESIONALES EN EL EJE DE CALIDAD E INOCUIDAD Y ALIMENTACIÓN SALUDABLE SOSTENIBLE PARA BRINDAR APOYO AL PROGRAMA DE ALIMENTACION ESCOLAR DE LA SECRETARIA DE EDUCACION DEPARTAMENTAL; EN EL MARCO DEL PROYECTO: FORTALECIMIENTO A LA PERMANECÍA EN LAS INSTITUCIONES EDUCATIVAS OFICIALES DE LOS 34 MUNICIPIOS NO CERTIFICADOS DEL DEPARTAMENTO DEL VALLE DEL CAUCA.";https://community.secop.gov.co/Public/Tendering/OpportunityDetail/Index?noticeUID=CO1.NTC.10542182&isFromPublicArea=True&isModal=true&asPopupView=true
SI;No requirio revision (evidencia alta);;B_CPS_PERSONA;CO1.PCCNTR.9689796;1.210.19.13-8152;ALTA;ALIMENTACION_CATERING;GOBERNACION DEL VALLE DEL CAUCA - SECRETARIA DE EDUCACION;890399029;Prestación de servicios;Contratación directa;V1.80111600;Oscar Armando Cadavid López;Cédula de Ciudadanía;70123086;;;;;47631060;0;2026-07-20;2026-07-24;2026-12-30;0;En ejecución;0;0;0;"PRESTACION DE SERVICIOS PROFESIONALES EN EL EJE DE FINANCIACIÓN EN APOYO DEL PROGRAMA DE ALIMENTACION ESCOLAR DE LA SECRETARIA DE EDUCACION DEPARTAMENTAL; EN EL MARCO DEL PROYECTO FORTALECIMIENTO A LA PERMANENCIA EN LAS INSTITUCIONES EDUCATIVAS OFICIALES DE LOS 34 MUNICIPIOS NO CERTIFICADOS DEL DEPARTAMENTO DEL VALLE DEL CAUCA.";https://community.secop.gov.co/Public/Tendering/OpportunityDetail/Index?noticeUID=CO1.NTC.10544463&isFromPublicArea=True&isModal=true&asPopupView=true
SI;No requirio revision (evidencia alta);;B_CPS_PERSONA;CO1.PCCNTR.8913646;1.110.19.13.4859;ALTA;LOGISTICA_EVENTOS;GOBERNACION DEL VALLE DEL CAUCA - DEPARTAMENTO ADMINISTRATIVO DE PLANEACION;890399029;Prestación de servicios;Contratación directa;V1.80111600;Jefferson Daniel Velasco Martinez;Cédula de Ciudadanía;94072799;;;;;46200000;0;2026-01-17;2026-01-22;2026-06-30;0;En ejecución;0;0;0;Prestar servicios Profesionales en el Departamento Administrativo de Planeacion como ingeniero industrial especialista en gerencia logistica integral en el desarrollo del proyecto denominado Actualización del Sistema de Gestión de la Administración Central de la Gobernacion del Valle del Cauca;https://community.secop.gov.co/Public/Tendering/OpportunityDetail/Index?noticeUID=CO1.NTC.9546856&isFromPublicArea=True&isModal=true&asPopupView=true
SI;No requirio revision (evidencia alta);;B_CPS_PERSONA;CO1.PCCNTR.9687135;1.210.19.13-8168;ALTA;ALIMENTACION_CATERING;GOBERNACION DEL VALLE DEL CAUCA - SECRETARIA DE EDUCACION;890399029;Prestación de servicios;Contratación directa;V1.80111600;Karol Isabella Flórez Hurtado;Cédula de Ciudadanía;1107527216;;;;;45000000;0;2026-07-18;2026-07-27;2027-03-31;91;Modificado;1;1;91;"PRESTACION DE SERVICIOS PROFESIONALES EN EL EJE DE TRANSPARENCIA EN APOYO DEL PROGRAMA DE ALIMENTACION ESCOLAR DE LA SECRETARIA DE EDUCACION DEPARTAMENTAL; EN EL MARCO DEL PROYECTO: IMPLEMENTACIÓN DEL PROGRAMA DE ALIMENTACIÓN ESCOLAR PARA LOS ESTABLECIMIENTOS EDUCATIVOS OFICIALES PARA MUNICIPIOS NO CERTIFICADOS DEL DEPARTAMETNO DEL VALLE DEL CAUCA.";https://community.secop.gov.co/Public/Tendering/OpportunityDetail/Index?noticeUID=CO1.NTC.10541135&isFromPublicArea=True&isModal=true&asPopupView=true
SI;No requirio revision (evidencia alta);;B_CPS_PERSONA;CO1.PCCNTR.9211730;1.210.19.13-5900;ALTA;ALIMENTACION_CATERING;GOBERNACION DEL VALLE DEL CAUCA - SECRETARIA DE EDUCACION;890399029;Prestación de servicios;Contratación directa;V1.80111600;JOSE LEONARDO LLANO ALVAREZ;Cédula de Ciudadanía;1114211576;;;;;34023132;22682088;2026-01-28;2026-01-30;2026-06-30;0;En ejecución;0;0;0;"PRESTACION DE SERVICIOS PROFESIONALES EN EL EJE DE TRANSPARENCIA PARA BRINDAR APOYO EN EL PROGRAMA DE ALIMENTACION ESCOLAR DE LA SECRETARIA DE EDUCACION DEPARTAMENTAL; EN EL MARCO DEL PROYECTO FORTALECIMIENTO A LA PERMANENCIA EN LAS INSTITUCIONES EDUCATIVAS OFICIALES DE LOS 34 MUNICIPIOS NO CERTIFICADOS DEL DEPARTAMENTO DEL VALLE DEL CAUCA.";https://community.secop.gov.co/Public/Tendering/OpportunityDetail/Index?noticeUID=CO1.NTC.9842399&isFromPublicArea=True&isModal=true&asPopupView=true
SI;No requirio revision (evidencia alta);;B_CPS_PERSONA;CO1.PCCNTR.9687307;1.210.19.13-8161;ALTA;ALIMENTACION_CATERING;GOBERNACION DEL VALLE DEL CAUCA - SECRETARIA DE EDUCACION;890399029;Prestación de servicios;Contratación directa;V1.80111600;JOSE LEONARDO LLANO ALVAREZ;Cédula de Ciudadanía;1114211576;;;;;34023132;0;2026-07-18;2026-07-23;2026-12-30;0;En ejecución;0;0;0;"PRESTACION DE SERVICIOS PROFESIONALES EN EL EJE DE TRANSPARENCIA PARA BRINDAR APOYO EN EL PROGRAMA DE ALIMENTACION ESCOLAR DE LA SECRETARIA DE EDUCACION DEPARTAMENTAL; EN EL MARCO DEL PROYECTO FORTALECIMIENTO A LA PERMANENCIA EN LAS INSTITUCIONES EDUCATIVAS OFICIALES DE LOS 34 MUNICIPIOS NO CERTIFICADOS DEL DEPARTAMENTO DEL VALLE DEL CAUCA.";https://community.secop.gov.co/Public/Tendering/OpportunityDetail/Index?noticeUID=CO1.NTC.10541433&isFromPublicArea=True&isModal=true&asPopupView=true
SI;No requirio revision (evidencia alta);;B_CPS_PERSONA;CO1.PCCNTR.9688491;1.210.19.13-8157;ALTA;ALIMENTACION_CATERING;GOBERNACION DEL VALLE DEL CAUCA - SECRETARIA DE EDUCACION;890399029;Prestación de servicios;Contratación directa;V1.80111600;NELO VILLADA;Cédula de Ciudadanía;1114786049;;;;;34023132;0;2026-07-20;2026-07-23;2026-12-30;0;En ejecución;0;0;0;"PRESTACION DE SERVICIOS PROFESIONALES EN EL EJE DE COBERTURA PARA BRINDAR APOYO AL PROGRAMA DE ALIMENTACION ESCOLAR DE LA SECRETARIA DE EDUCACION DEPARTAMENTAL; EN EL MARCO DEL PROYECTO FORTALECIMIENTO A LA PERMANENCIA EN LAS INSTITUCIONES EDUCATIVAS OFICIALES DE LOS 34 MUNICIPIOS NO CERTIFICADOS DEL DEPARTAMENTO DEL VALLE DEL CAUCA.";https://community.secop.gov.co/Public/Tendering/OpportunityDetail/Index?noticeUID=CO1.NTC.10542602&isFromPublicArea=True&isModal=true&asPopupView=true
SI;No requirio revision (evidencia alta);;B_CPS_PERSONA;CO1.PCCNTR.9688493;1.210.19.13-8158;ALTA;ALIMENTACION_CATERING;GOBERNACION DEL VALLE DEL CAUCA - SECRETARIA DE EDUCACION;890399029;Prestación de servicios;Contratación directa;V1.80111600;LUIS FERNANDO RECAMAN CARVAJAL;Cédula de Ciudadanía;16602770;;;;;34023132;0;2026-07-20;2026-07-24;2026-12-30;0;En ejecución;0;0;0;"PRESTACION DE SERVICIOS PROFESIONALES EN EL EJE DE CALIDAD E INOCUIDAD Y ALIMENTACIÓN SALUDABLE SALUDABLE SOSTENIBLE PARA BRINDAR APOYO AL PROGRAMA DE ALIMENTACION ESCOLAR DE LA SECRETARIA DE EDUCACION DEPARTAMENTAL; EN EL MARCO DEL PROYECTO: FORTALECIMIENTO A LA PERMANECÍA EN LAS INSTITUCIONES EDUCATIVAS OFICIALES DE LOS 34 MUNICIPIOS NO CERTIFICADOS DEL DEPARTAMENTO DEL VALLE DEL CAUCA.";https://community.secop.gov.co/Public/Tendering/OpportunityDetail/Index?noticeUID=CO1.NTC.10542490&isFromPublicArea=True&isModal=true&asPopupView=true
SI;No requirio revision (evidencia alta);;B_CPS_PERSONA;CO1.PCCNTR.9688496;1.210.19.13-8159;ALTA;ALIMENTACION_CATERING;GOBERNACION DEL VALLE DEL CAUCA - SECRETARIA DE EDUCACION;890399029;Prestación de servicios;Contratación directa;V1.80111600;MARIA FERNANDA GARCIA LOPEZ;Cédula de Ciudadanía;66835384;;;;;34023132;0;2026-07-20;2026-07-24;2026-12-30;0;En ejecución;0;0;0;"PRESTACION DE SERVICIOS PROFESIONALES EN EL EJE DE TRANSPARENCIA PARA BRINDAR APOYO EN EL PROGRAMA DE ALIMENTACION ESCOLAR DE LA SECRETARIA DE EDUCACION DEPARTAMENTAL; EN EL MARCO DEL PROYECTO FORTALECIMIENTO A LA PERMANENCIA EN LAS INSTITUCIONES EDUCATIVAS OFICIALES DE LOS 34 MUNICIPIOS NO CERTIFICADOS DEL DEPARTAMENTO DEL VALLE DEL CAUCA.";https://community.secop.gov.co/Public/Tendering/OpportunityDetail/Index?noticeUID=CO1.NTC.10542495&isFromPublicArea=True&isModal=true&asPopupView=true
SI;No requirio revision (evidencia alta);;B_CPS_PERSONA;CO1.PCCNTR.9689891;1.210.19.13-8155;ALTA;ALIMENTACION_CATERING;GOBERNACION DEL VALLE DEL CAUCA - SECRETARIA DE EDUCACION;890399029;Prestación de servicios;Contratación directa;V1.80111600;JOSE HARVER DELGADO TIGREROS;Cédula de Ciudadanía;6321591;;;;;34023132;0;2026-07-20;2026-07-23;2026-12-30;0;En ejecución;0;0;0;"PRESTACION DE SERVICIOS PROFESIONALES EN EL EJE DE TRANSPARENCIA PARA BRINDAR APOYO EN EL PROGRAMA DE ALIMENTACION ESCOLAR DE LA SECRETARIA DE EDUCACION DEPARTAMENTAL; EN EL MARCO DEL PROYECTO FORTALECIMIENTO A LA PERMANENCIA EN LAS INSTITUCIONES EDUCATIVAS OFICIALES DE LOS 34 MUNICIPIOS NO CERTIFICADOS DEL DEPARTAMENTO DEL VALLE DEL CAUCA.";https://community.secop.gov.co/Public/Tendering/OpportunityDetail/Index?noticeUID=CO1.NTC.10544468&isFromPublicArea=True&isModal=true&asPopupView=true
SI;No requirio revision (evidencia alta);;B_CPS_PERSONA;CO1.PCCNTR.9689893;1.210.19.13-8173;ALTA;ALIMENTACION_CATERING;GOBERNACION DEL VALLE DEL CAUCA - SECRETARIA DE EDUCACION;890399029;Prestación de servicios;Contratación directa;V1.80111600;ricardo gonzalez zapata;Cédula de Ciudadanía;79696377;;;;;34023132;0;2026-07-20;2026-07-23;2026-12-30;0;En ejecución;0;0;0;"PRESTACION DE SERVICIOS PROFESIONALES EN EL EJE DE FINANCIACIÓN EN APOYO DEL PROGRAMA DE ALIMENTACION ESCOLAR DE LA SECRETARIA DE EDUCACION DEPARTAMENTAL; EN EL MARCO DEL PROYECTO FORTALECIMIENTO A LA PERMANENCIA EN LAS INSTITUCIONES EDUCATIVAS OFICIALES DE LOS 34 MUNICIPIOS NO CERTIFICADOS DEL DEPARTAMENTO DEL VALLE DEL CAUCA.";https://community.secop.gov.co/Public/Tendering/OpportunityDetail/Index?noticeUID=CO1.NTC.10544072&isFromPublicArea=True&isModal=true&asPopupView=true
SI;No requirio revision (evidencia alta);;B_CPS_PERSONA;CO1.PCCNTR.9689899;1.210.19.13-8160;ALTA;ALIMENTACION_CATERING;GOBERNACION DEL VALLE DEL CAUCA - SECRETARIA DE EDUCACION;890399029;Prestación de servicios;Contratación directa;V1.80111600;MARIA ELBIN CASTILLO;Cédula de Ciudadanía;31947510;;;;;34023132;0;2026-07-20;2026-07-24;2026-12-30;0;En ejecución;0;0;0;"PRESTACION DE SERVICIOS PROFESIONALES EN EL EJE DE TRANSPARENCIA EN APOYO DEL PROGRAMA DE ALIMENTACION ESCOLAR DE LA SECRETARIA DE EDUCACION DEPARTAMENTAL; EN EL MARCO DEL PROYECTO FORTALECIMIENTO A LA PERMANENCIA EN LAS INSTITUCIONES EDUCATIVAS OFICIALES DE LOS 34 MUNICIPIOS NO CERTIFICADOS DEL DEPARTAMENTO DEL VALLE DEL CAUCA.";https://community.secop.gov.co/Public/Tendering/OpportunityDetail/Index?noticeUID=CO1.NTC.10544488&isFromPublicArea=True&isModal=true&asPopupView=true
SI;No requirio revision (evidencia alta);;B_CPS_PERSONA;CO1.PCCNTR.9690170;1.210.19.13-8148;ALTA;ALIMENTACION_CATERING;GOBERNACION DEL VALLE DEL CAUCA - SECRETARIA DE EDUCACION;890399029;Prestación de servicios;Contratación directa;V1.80111600;CLARA STHEFANI VARGAS HURTADO;Cédula de Ciudadanía;1114827436;;;;;34023132;0;2026-07-20;2026-07-24;2026-12-30;0;En ejecución;0;0;0;"PRESTACION DE SERVICIOS PROFESIONALES EN EL EJE DE FINANCIACIÓN EN APOYO DEL PROGRAMA DE ALIMENTACION ESCOLAR DE LA SECRETARIA DE EDUCACION DEPARTAMENTAL; EN EL MARCO DEL PROYECTO FORTALECIMIENTO A LA PERMANENCIA EN LAS INSTITUCIONES EDUCATIVAS OFICIALES DE LOS 34 MUNICIPIOS NO CERTIFICADOS DEL DEPARTAMENTO DEL VALLE DEL CAUCA.";https://community.secop.gov.co/Public/Tendering/OpportunityDetail/Index?noticeUID=CO1.NTC.10544604&isFromPublicArea=True&isModal=true&asPopupView=true
SI;No requirio revision (evidencia alta);;B_CPS_PERSONA;CO1.PCCNTR.9690177;1.210.19.13-8154;ALTA;ALIMENTACION_CATERING;GOBERNACION DEL VALLE DEL CAUCA - SECRETARIA DE EDUCACION;890399029;Prestación de servicios;Contratación directa;V1.80111600;VALERIA PALTA ZORRILLA;Cédula de Ciudadanía;1192785357;;;;;34023132;0;2026-07-20;2026-07-24;2026-12-30;0;En ejecución;0;0;0;"PRESTACION DE SERVICIOS PROFESIONALES EN EL EJE DE CALIDAD E INOCUIDAD Y ALIMENTACIÓN SALUDABLE SALUDABLE SOSTENIBLE PARA BRINDAR APOYO AL PROGRAMA DE ALIMENTACION ESCOLAR DE LA SECRETARIA DE EDUCACION DEPARTAMENTAL; EN EL MARCO DEL PROYECTO: FORTALECIMIENTO A LA PERMANECÍA EN LAS INSTITUCIONES EDUCATIVAS OFICIALES DE LOS 34 MUNICIPIOS NO CERTIFICADOS DEL DEPARTAMENTO DEL VALLE DEL CAUCA.";https://community.secop.gov.co/Public/Tendering/OpportunityDetail/Index?noticeUID=CO1.NTC.10544515&isFromPublicArea=True&isModal=true&asPopupView=true
SI;No requirio revision (evidencia alta);;B_CPS_PERSONA;CO1.PCCNTR.9690266;1.210.19.13-8162;ALTA;ALIMENTACION_CATERING;GOBERNACION DEL VALLE DEL CAUCA - SECRETARIA DE EDUCACION;890399029;Prestación de servicios;Contratación directa;V1.80111600;eduardo andres moya torres;Cédula de Ciudadanía;1126845744;;;;;34023132;0;2026-07-20;2026-07-24;2026-12-30;0;En ejecución;0;0;0;"PRESTACION DE SERVICIOS PROFESIONALES EN EL EJE DE TRANSPARENCIA PARA BRINDAR APOYO EN EL PROGRAMA DE ALIMENTACION ESCOLAR DE LA SECRETARIA DE EDUCACION DEPARTAMENTAL; EN EL MARCO DEL PROYECTO FORTALECIMIENTO A LA PERMANENCIA EN LAS INSTITUCIONES EDUCATIVAS OFICIALES DE LOS 34 MUNICIPIOS NO CERTIFICADOS DEL DEPARTAMENTO DEL VALLE DEL CAUCA.";https://community.secop.gov.co/Public/Tendering/OpportunityDetail/Index?noticeUID=CO1.NTC.10545208&isFromPublicArea=True&isModal=true&asPopupView=true
SI;No requirio revision (evidencia alta);;B_CPS_PERSONA;CO1.PCCNTR.9690502;1.210.19.13-8156;ALTA;ALIMENTACION_CATERING;GOBERNACION DEL VALLE DEL CAUCA - SECRETARIA DE EDUCACION;890399029;Prestación de servicios;Contratación directa;V1.80111600;JHON JAIBER FLOREZ GARZON;Cédula de Ciudadanía;94356388;;;;;34023132;0;2026-07-20;2026-07-27;2026-12-30;0;En ejecución;0;0;0;"PRESTACION DE SERVICIOS PROFESIONALES EN EL EJE DE COBERTURA PARA BRINDAR APOYO AL PROGRAMA DE ALIMENTACION ESCOLAR DE LA SECRETARIA DE EDUCACION DEPARTAMENTAL; EN EL MARCO DEL PROYECTO FORTALECIMIENTO A LA PERMANENCIA EN LAS INSTITUCIONES EDUCATIVAS OFICIALES DE LOS 34 MUNICIPIOS NO CERTIFICADOS DEL DEPARTAMENTO DEL VALLE DEL CAUCA.";https://community.secop.gov.co/Public/Tendering/OpportunityDetail/Index?noticeUID=CO1.NTC.10544481&isFromPublicArea=True&isModal=true&asPopupView=true
SI;No requirio revision (evidencia alta);;B_CPS_PERSONA;CO1.PCCNTR.8957097;1.210.19.13 - 4072;ALTA;TRANSPORTE_VIAJES;GOBERNACION DEL VALLE DEL CAUCA - SECRETARIA DE EDUCACION;890399029;Prestación de servicios;Contratación directa;V1.80111600;JUAN PABLO BUENO PINCHAO;Cédula de Ciudadanía;16916031;;;;;30000000;0;2026-01-20;2026-01-23;2026-06-30;0;En ejecución;0;0;0;"PRESTAR LOS SERVICIOS COMO PROFESIONAL EN LA SECRETARÍA DE EDUCACIÓN DEPARTAMENTAL DEL VALLE DEL CAUCA; EN EL MARCO DEL PROYECTO COFINANCIACIÓN DE LA ESTRATEGIA DE TRANSPORTE ESCOLAR PARA EL ACCESO Y LA PERMANENCIA DE LOS ESTUDIANTES DE LOS ESTABLECIMIENTOS EDUCATIVOS OFICIALES DEL VALLE DEL CAUCA.";https://community.secop.gov.co/Public/Tendering/OpportunityDetail/Index?noticeUID=CO1.NTC.9589938&isFromPublicArea=True&isModal=true&asPopupView=true
SI;No requirio revision (evidencia alta);;B_CPS_PERSONA;CO1.PCCNTR.8774223;4131.010.26.1.0032-2026;ALTA;CAFETERIA;SANTIAGO DE CALI DISTRITO ESPECIAL - DEPARTAMENTO ADMINISTRATIVO DE HACIENDA;890399011;Prestación de servicios;Contratación directa;V1.80111501;JUAN PABLO ORTIZ HENAO;Cédula de Ciudadanía;1005872516;19220000;9610000;50.0;Documento de modificación: adición de 2 cuotas sobre un CPS de 6 cuotas (validado contra el otrosí de CO1.PCCNTR.8779050);28830000;0;2026-01-07;2026-01-10;2026-06-30;61;Modificado;2;2;122;"Prestar los servicios profesionales para apoyar en el control e inventario de los suministros de cafetería; papelería y aseo del Departamento Administrativo de Hacienda.";https://community.secop.gov.co/Public/Tendering/OpportunityDetail/Index?noticeUID=CO1.NTC.9394330&isFromPublicArea=True&isModal=true&asPopupView=true
SI;No requirio revision (evidencia alta);;B_CPS_PERSONA;CO1.PCCNTR.9631152;4131.010.26.1.1176-2026;ALTA;CAFETERIA;SANTIAGO DE CALI DISTRITO ESPECIAL - DEPARTAMENTO ADMINISTRATIVO DE HACIENDA;890399011;Prestación de servicios;Contratación directa;V1.80111501;JUAN PABLO ORTIZ HENAO;Cédula de Ciudadanía;1005872516;;;;;28830000;0;2026-07-08;2026-07-09;2026-12-31;0;En ejecución;0;0;0;"Prestar los servicios profesionales para apoyar en el control e inventario de los suministros de cafetería; papelería y aseo del Departamento Administrativo de Hacienda.";https://community.secop.gov.co/Public/Tendering/OpportunityDetail/Index?noticeUID=CO1.NTC.10471364&isFromPublicArea=True&isModal=true&asPopupView=true
SI;No requirio revision (evidencia alta);;B_CPS_PERSONA;CO1.PCCNTR.8956646;1.210.19.13 - 4071;ALTA;TRANSPORTE_VIAJES;GOBERNACION DEL VALLE DEL CAUCA - SECRETARIA DE EDUCACION;890399029;Prestación de servicios;Contratación directa;V1.80111600;GABRIEL AMARILES QUIÑONES;Cédula de Ciudadanía;94540602;;;;;24000000;0;2026-01-18;2026-01-23;2026-06-30;0;En ejecución;0;0;0;"PRESTAR LOS SERVICIOS COMO PROFESIONAL EN LA SECRETARÍA DE EDUCACIÓN DEPARTAMENTAL DEL VALLE DEL CAUCA; EN EL MARCO DEL PROYECTO COFINANCIACIÓN DE LA ESTRATEGIA DE TRANSPORTE ESCOLAR PARA EL ACCESO Y LA PERMANENCIA DE LOS ESTUDIANTES DE LOS ESTABLECIMIENTOS EDUCATIVOS OFICIALES DEL VALLE DEL CAUCA.";https://community.secop.gov.co/Public/Tendering/OpportunityDetail/Index?noticeUID=CO1.NTC.9589285&isFromPublicArea=True&isModal=true&asPopupView=true
SI;No requirio revision (evidencia alta);;B_CPS_PERSONA;CO1.PCCNTR.8957121;1.210.19.13 - 4075;ALTA;TRANSPORTE_VIAJES;GOBERNACION DEL VALLE DEL CAUCA - SECRETARIA DE EDUCACION;890399029;Prestación de servicios;Contratación directa;V1.80111600;Juan David Valencia Sánchez;Cédula de Ciudadanía;1144081353;;;;;24000000;0;2026-01-21;2026-01-23;2026-06-30;0;En ejecución;0;0;0;"PRESTAR LOS SERVICIOS COMO PROFESIONAL EN LA SECRETARÍA DE EDUCACIÓN DEPARTAMENTAL DEL VALLE DEL CAUCA; EN EL MARCO DEL PROYECTO COFINANCIACIÓN DE LA ESTRATEGIA DE TRANSPORTE ESCOLAR PARA EL ACCESO Y LA PERMANENCIA DE LOS ESTUDIANTES DE LOS ESTABLECIMIENTOS EDUCATIVOS OFICIALES DEL VALLE DEL CAUCA.";https://community.secop.gov.co/Public/Tendering/OpportunityDetail/Index?noticeUID=CO1.NTC.9589456&isFromPublicArea=True&isModal=true&asPopupView=true
SI;No requirio revision (evidencia alta);;B_CPS_PERSONA;CO1.PCCNTR.8957582;1.210.19.13 - 4074;ALTA;TRANSPORTE_VIAJES;GOBERNACION DEL VALLE DEL CAUCA - SECRETARIA DE EDUCACION;890399029;Prestación de servicios;Contratación directa;V1.80111600;Karen Daiana Gómez Gallego;Cédula de Ciudadanía;1107095169;;;;;24000000;0;2026-01-19;2026-01-27;2026-06-30;0;En ejecución;0;0;0;"PRESTAR LOS SERVICIOS COMO PROFESIONAL EN LA SECRETARÍA DE EDUCACIÓN DEPARTAMENTAL DEL VALLE DEL CAUCA; EN EL MARCO DEL PROYECTO COFINANCIACIÓN DE LA ESTRATEGIA DE TRANSPORTE ESCOLAR PARA EL ACCESO Y LA PERMANENCIA DE LOS ESTUDIANTES DE LOS ESTABLECIMIENTOS EDUCATIVOS OFICIALES DEL VALLE DEL CAUCA.";https://community.secop.gov.co/Public/Tendering/OpportunityDetail/Index?noticeUID=CO1.NTC.9589978&isFromPublicArea=True&isModal=true&asPopupView=true
SI;No requirio revision (evidencia alta);;B_CPS_PERSONA;CO1.PCCNTR.8958041;1.210.19.13 - 4073;ALTA;TRANSPORTE_VIAJES;GOBERNACION DEL VALLE DEL CAUCA - SECRETARIA DE EDUCACION;890399029;Prestación de servicios;Contratación directa;V1.80111600;KAROL DAYANA GOMEZ AGUIRRE;Cédula de Ciudadanía;1114211903;;;;;24000000;0;2026-01-20;2026-01-23;2026-06-30;0;En ejecución;0;0;0;"PRESTAR LOS SERVICIOS COMO PROFESIONAL EN LA SECRETARÍA DE EDUCACIÓN DEPARTAMENTAL DEL VALLE DEL CAUCA; EN EL MARCO DEL PROYECTO COFINANCIACIÓN DE LA ESTRATEGIA DE TRANSPORTE ESCOLAR PARA EL ACCESO Y LA PERMANENCIA DE LOS ESTUDIANTES DE LOS ESTABLECIMIENTOS EDUCATIVOS OFICIALES DEL VALLE DEL CAUCA.";https://community.secop.gov.co/Public/Tendering/OpportunityDetail/Index?noticeUID=CO1.NTC.9590571&isFromPublicArea=True&isModal=true&asPopupView=true
SI;No requirio revision (evidencia alta);;B_CPS_PERSONA;CO1.PCCNTR.9210734;1.210.19.13-5899;ALTA;ALIMENTACION_CATERING;GOBERNACION DEL VALLE DEL CAUCA - SECRETARIA DE EDUCACION;890399029;Prestación de servicios;Contratación directa;V1.80111600;SANTIAGO LENIS CASTAÑO;Cédula de Ciudadanía;1006102246;;;;;24000000;24000000;2026-01-28;2026-01-30;2026-06-30;0;En ejecución;0;0;0;"PRESTACION DE SERVICIOS PROFESIONALES EN EL EJE DE CALIDAD E INOCUIDAD Y ALIMENTACIÓN SALUDABLE PARA BRINDAR APOYO AL PROGRAMA DE ALIMENTACION ESCOLAR DE LA SECRETARIA DE EDUCACION DEPARTAMENTAL; EN EL MARCO DEL PROYECTO: FORTALECIMIENTO A LA PERMANECÍA EN LAS INSTITUCIONES EDUCATIVAS OFICIALES DE LOS 34 MUNICIPIOS NO CERTIFICADOS DEL DEPARTAMENTO DEL VALLE DEL CAUCA.";https://community.secop.gov.co/Public/Tendering/OpportunityDetail/Index?noticeUID=CO1.NTC.9840453&isFromPublicArea=True&isModal=true&asPopupView=true
SI;No requirio revision (evidencia alta);;B_CPS_PERSONA;CO1.PCCNTR.9211326;1.210.19.13-5901;ALTA;ALIMENTACION_CATERING;GOBERNACION DEL VALLE DEL CAUCA - SECRETARIA DE EDUCACION;890399029;Prestación de servicios;Contratación directa;V1.80111600;Victor Manuel Herrera Salazar;Cédula de Ciudadanía;1107529936;;;;;24000000;16000000;2026-01-28;2026-01-30;2026-06-30;0;En ejecución;0;0;0;"PRESTACION DE SERVICIOS PROFESIONALES EN EL EJE DE TRANSPARENCIA PARA BRINDAR APOYO EN EL PROGRAMA DE ALIMENTACION ESCOLAR DE LA SECRETARIA DE EDUCACION DEPARTAMENTAL; EN EL MARCO DEL PROYECTO FORTALECIMIENTO A LA PERMANENCIA EN LAS INSTITUCIONES EDUCATIVAS OFICIALES DE LOS 34 MUNICIPIOS NO CERTIFICADOS DEL DEPARTAMENTO DEL VALLE DEL CAUCA.";https://community.secop.gov.co/Public/Tendering/OpportunityDetail/Index?noticeUID=CO1.NTC.9840972&isFromPublicArea=True&isModal=true&asPopupView=true
SI;No requirio revision (evidencia alta);;B_CPS_PERSONA;CO1.PCCNTR.9690602;1.210.19.13-8174;ALTA;ALIMENTACION_CATERING;GOBERNACION DEL VALLE DEL CAUCA - SECRETARIA DE EDUCACION;890399029;Prestación de servicios;Contratación directa;V1.80111600;SANTIAGO LENIS CASTAÑO;Cédula de Ciudadanía;1006102246;;;;;24000000;0;2026-07-20;2026-07-23;2026-12-30;0;En ejecución;0;0;0;"PRESTACION DE SERVICIOS PROFESIONALES EN EL EJE DE CALIDAD E INOCUIDAD Y ALIMENTACIÓN SALUDABLE SOSTENIBLE PARA BRINDAR APOYO AL PROGRAMA DE ALIMENTACION ESCOLAR DE LA SECRETARIA DE EDUCACION DEPARTAMENTAL; EN EL MARCO DEL PROYECTO: FORTALECIMIENTO A LA PERMANECÍA EN LAS INSTITUCIONES EDUCATIVAS OFICIALES DE LOS 34 MUNICIPIOS NO CERTIFICADOS DEL DEPARTAMENTO DEL VALLE DEL CAUCA.";https://community.secop.gov.co/Public/Tendering/OpportunityDetail/Index?noticeUID=CO1.NTC.10544069&isFromPublicArea=True&isModal=true&asPopupView=true
SI;CONFIRMADO en revision manual;El objeto dice literalmente 'soporte logístico' (cafetería o transporte) en el Dpto. Adm. de Hacienda;B_CPS_PERSONA;CO1.PCCNTR.8770572;4131.010.26.1.0021-2026;ALTA;LOGISTICA_EVENTOS;SANTIAGO DE CALI DISTRITO ESPECIAL - DEPARTAMENTO ADMINISTRATIVO DE HACIENDA;890399011;Prestación de servicios;Contratación directa;V1.80111501;DORIS DEL CARMEN PORTILLO;Cédula de Ciudadanía;31525164;14204000;7102000;50.0;Documento de modificación: adición de 2 cuotas sobre un CPS de 6 cuotas (validado contra el otrosí de CO1.PCCNTR.8779050);21306000;0;2026-01-06;2026-01-07;2026-06-30;61;Modificado;2;2;122;"Prestar servicios de apoyo a la gestión para el soporte logístico en las actividades de cafetería; organización de espacios y mantenimiento del orden en las instalaciones del Departamento Administrativo de Hacienda";https://community.secop.gov.co/Public/Tendering/OpportunityDetail/Index?noticeUID=CO1.NTC.9388186&isFromPublicArea=True&isModal=true&asPopupView=true
SI;No requirio revision (evidencia alta);;B_CPS_PERSONA;CO1.PCCNTR.8776478;4131.010.26.1.0047-2026;ALTA;CAFETERIA;SANTIAGO DE CALI DISTRITO ESPECIAL - DEPARTAMENTO ADMINISTRATIVO DE HACIENDA;890399011;Prestación de servicios;Contratación directa;V1.80111501;LUZ NIRIAN SAA RAMOS;Cédula de Ciudadanía;66859552;14204000;7102000;50.0;Documento de modificación: adición de 2 cuotas sobre un CPS de 6 cuotas (validado contra el otrosí de CO1.PCCNTR.8779050);21306000;0;2026-01-13;2026-01-14;2026-06-30;61;Modificado;2;2;122;"Prestar los servicios de apoyo a la gestión en la digitación; clasificación y organización de los archivos y Fondo Acumulado de acuerdo a los lineamientos de la Ley 594 de 2000; así como también el apoyo en el control e inventario de los suministros de cafetería; papelería y aseo del Departamento Administrativo de Hacienda.";https://community.secop.gov.co/Public/Tendering/OpportunityDetail/Index?noticeUID=CO1.NTC.9398395&isFromPublicArea=True&isModal=true&asPopupView=true
SI;CONFIRMADO en revision manual;El objeto dice literalmente 'soporte logístico' (cafetería o transporte) en el Dpto. Adm. de Hacienda;B_CPS_PERSONA;CO1.PCCNTR.8780636;4131.010.26.1.0166-2026;ALTA;LOGISTICA_EVENTOS;SANTIAGO DE CALI DISTRITO ESPECIAL - DEPARTAMENTO ADMINISTRATIVO DE HACIENDA;890399011;Prestación de servicios;Contratación directa;V1.80111501;SANDRA VIVIANA LOZANO CHAVEZ;Cédula de Ciudadanía;31655892;14204000;7102000;50.0;Documento de modificación: adición de 2 cuotas sobre un CPS de 6 cuotas (validado contra el otrosí de CO1.PCCNTR.8779050);21306000;0;2026-01-08;2026-01-10;2026-06-30;61;Modificado;2;2;122;"Prestar servicios de apoyo a la gestión para el soporte logístico en las actividades de cafetería; organización de espacios y mantenimiento del orden en las instalaciones del Departamento Administrativo de Hacienda";https://community.secop.gov.co/Public/Tendering/OpportunityDetail/Index?noticeUID=CO1.NTC.9402798&isFromPublicArea=True&isModal=true&asPopupView=true
SI;CONFIRMADO en revision manual;El objeto dice literalmente 'soporte logístico' (cafetería o transporte) en el Dpto. Adm. de Hacienda;B_CPS_PERSONA;CO1.PCCNTR.8823414;4131.010.26.1.0462-2026;ALTA;LOGISTICA_EVENTOS;SANTIAGO DE CALI DISTRITO ESPECIAL - DEPARTAMENTO ADMINISTRATIVO DE HACIENDA;890399011;Prestación de servicios;Contratación directa;V1.80111501;JUAN ARTURO SERNA BOLIVAR;Cédula de Ciudadanía;16719959;14204000;7102000;50.0;Documento de modificación: adición de 2 cuotas sobre un CPS de 6 cuotas (validado contra el otrosí de CO1.PCCNTR.8779050);21306000;0;2026-01-14;2026-01-16;2026-06-30;61;Modificado;2;2;122;"Prestar servicios de apoyo a la gestión para el seguimiento operativo de desplazamientos; el seguimiento técnico de la flota vehicular y el soporte logístico de transporte para los servidores públicos y contratistas del Departamento Administrativo de Hacienda.";https://community.secop.gov.co/Public/Tendering/OpportunityDetail/Index?noticeUID=CO1.NTC.9453077&isFromPublicArea=True&isModal=true&asPopupView=true
SI;CONFIRMADO en revision manual;El objeto dice literalmente 'soporte logístico' (cafetería o transporte) en el Dpto. Adm. de Hacienda;B_CPS_PERSONA;CO1.PCCNTR.9630786;4131.010.26.1.1170-2026;ALTA;LOGISTICA_EVENTOS;SANTIAGO DE CALI DISTRITO ESPECIAL - DEPARTAMENTO ADMINISTRATIVO DE HACIENDA;890399011;Prestación de servicios;Contratación directa;V1.80111501;DORIS DEL CARMEN PORTILLO;Cédula de Ciudadanía;31525164;;;;;21306000;0;2026-07-08;2026-07-09;2026-12-31;0;En ejecución;0;0;0;"Prestar servicios de apoyo a la gestión para el soporte logístico en las actividades de cafetería; organización de espacios y mantenimiento del orden en las instalaciones del Departamento Administrativo de Hacienda";https://community.secop.gov.co/Public/Tendering/OpportunityDetail/Index?noticeUID=CO1.NTC.10471272&isFromPublicArea=True&isModal=true&asPopupView=true
SI;CONFIRMADO en revision manual;El objeto dice literalmente 'soporte logístico' (cafetería o transporte) en el Dpto. Adm. de Hacienda;B_CPS_PERSONA;CO1.PCCNTR.9633052;4131.010.26.1.1195-2026;ALTA;LOGISTICA_EVENTOS;SANTIAGO DE CALI DISTRITO ESPECIAL - DEPARTAMENTO ADMINISTRATIVO DE HACIENDA;890399011;Prestación de servicios;Contratación directa;V1.80111501;SANDRA VIVIANA LOZANO CHAVEZ;Cédula de Ciudadanía;31655892;;;;;21306000;0;2026-07-08;2026-07-09;2026-12-31;0;En ejecución;0;0;0;"Prestar servicios de apoyo a la gestión para el soporte logístico en las actividades de cafetería; organización de espacios y mantenimiento del orden en las instalaciones del Departamento Administrativo de Hacienda.";https://community.secop.gov.co/Public/Tendering/OpportunityDetail/Index?noticeUID=CO1.NTC.10475200&isFromPublicArea=True&isModal=true&asPopupView=true
SI;CONFIRMADO en revision manual;El objeto dice literalmente 'soporte logístico' (cafetería o transporte) en el Dpto. Adm. de Hacienda;B_CPS_PERSONA;CO1.PCCNTR.9638654;4131.010.26.1.1274-2026;ALTA;LOGISTICA_EVENTOS;SANTIAGO DE CALI DISTRITO ESPECIAL - DEPARTAMENTO ADMINISTRATIVO DE HACIENDA;890399011;Prestación de servicios;Contratación directa;V1.80111501;JUAN ARTURO SERNA BOLIVAR;Cédula de Ciudadanía;16719959;;;;;21306000;0;2026-07-10;2026-07-14;2026-12-31;0;En ejecución;0;0;0;"Prestar servicios de apoyo a la gestión para el seguimiento operativo de desplazamientos; el seguimiento técnico de la flota vehicular y el soporte logístico de transporte para los servidores públicos y contratistas del Departamento Administrativo de Hacienda.";https://community.secop.gov.co/Public/Tendering/OpportunityDetail/Index?noticeUID=CO1.NTC.10483456&isFromPublicArea=True&isModal=true&asPopupView=true
SI;No requirio revision (evidencia alta);;B_CPS_PERSONA;CO1.PCCNTR.9663404;4131.010.26.1.1373-2026;ALTA;CAFETERIA;SANTIAGO DE CALI DISTRITO ESPECIAL - DEPARTAMENTO ADMINISTRATIVO DE HACIENDA;890399011;Prestación de servicios;Contratación directa;V1.80111501;LUZ NIRIAN SAA RAMOS;Cédula de Ciudadanía;66859552;;;;;21306000;0;2026-07-15;2026-07-16;2026-12-31;0;En ejecución;0;0;0;"Prestar los servicios de apoyo a la gestión en la digitación; clasificación y organización de los archivos y Fondo Acumulado de acuerdo a los lineamientos de la Ley 594 de 2000; así como también el apoyo en el control e inventario de los suministros de cafetería; papelería y aseo del Departamento Administrativo de Hacienda.";https://community.secop.gov.co/Public/Tendering/OpportunityDetail/Index?noticeUID=CO1.NTC.10511753&isFromPublicArea=True&isModal=true&asPopupView=true
SI;No requirio revision (evidencia alta);;B_CPS_PERSONA;CO1.PCCNTR.9663528;4131.010.26.1.1376-2026;ALTA;LOGISTICA_EVENTOS;SANTIAGO DE CALI DISTRITO ESPECIAL - DEPARTAMENTO ADMINISTRATIVO DE HACIENDA;890399011;Prestación de servicios;Contratación directa;V1.80111501;YANET ADRIANA MELO CORREA;Cédula de Ciudadanía;51918195;;;;;21306000;0;2026-07-15;2026-07-16;2026-12-31;0;En ejecución;0;0;0;"Prestar los servicios de apoyo a la gestión en la Unidad de Apoyo a la Gestión del Departamento Administrativo de Hacienda; orientados al apoyo logístico de reuniones y eventos institucionales; la orientación a usuarios internos y externos; la actualización de bases de datos documentales y el apoyo al SGSST.";https://community.secop.gov.co/Public/Tendering/OpportunityDetail/Index?noticeUID=CO1.NTC.10511772&isFromPublicArea=True&isModal=true&asPopupView=true
SI;No requirio revision (evidencia alta);;B_CPS_PERSONA;CO1.PCCNTR.8740908;1.210.19.13-20800;ALTA;ALIMENTACION_CATERING;GOBERNACION DEL VALLE DEL CAUCA - SECRETARIA DE EDUCACION;890399029;Prestación de servicios;Contratación directa;V1.80111600;HERNAN JOSE TORO BECERRA;Cédula de Ciudadanía;1114460531;;;;;18000000;18000000;2026-01-09;2026-01-15;2026-06-30;0;Cerrado;2;2;0;"PRESTACION DE SERVICIOS DE APOYO A LA GESTIÓN EN EL EJE DE TRANSPARENCIA PARA BRINDAR ATENCIÓN AL PROGRAMA DE ALIMENTACION ESCOLAR DE LA SECRETARIA DE EDUCACION DEPARTAMENTAL; EN EL MARCO DEL PROYECTO FORTALECIMIENTO A LA PERMANENCIA EN LAS INSTITUCIONES EDUCATIVAS OFICIALES DE LOS 34 MUNICIPIOS NO CERTIFICADOS DEL DEPARTAMENTO DEL VALLE DEL CAUCA.";https://community.secop.gov.co/Public/Tendering/OpportunityDetail/Index?noticeUID=CO1.NTC.9345829&isFromPublicArea=True&isModal=true&asPopupView=true
SI;No requirio revision (evidencia alta);;B_CPS_PERSONA;CO1.PCCNTR.9687061;1.210.19.13-8164;ALTA;ALIMENTACION_CATERING;GOBERNACION DEL VALLE DEL CAUCA - SECRETARIA DE EDUCACION;890399029;Prestación de servicios;Contratación directa;V1.80111600;HERNAN JOSE TORO BECERRA;Cédula de Ciudadanía;1114460531;;;;;18000000;0;2026-07-18;2026-07-27;2026-12-30;0;En ejecución;0;0;0;"PRESTACION DE SERVICIOS DE APOYO A LA GESTIÓN EN EL EJE DE TRANSPARENCIA PARA BRINDAR ATENCIÓN AL PROGRAMA DE ALIMENTACION ESCOLAR DE LA SECRETARIA DE EDUCACION DEPARTAMENTAL; EN EL MARCO DEL PROYECTO FORTALECIMIENTO A LA PERMANENCIA EN LAS INSTITUCIONES EDUCATIVAS OFICIALES DE LOS 34 MUNICIPIOS NO CERTIFICADOS DEL DEPARTAMENTO DEL VALLE DEL CAUCA.";https://community.secop.gov.co/Public/Tendering/OpportunityDetail/Index?noticeUID=CO1.NTC.10541321&isFromPublicArea=True&isModal=true&asPopupView=true
SI;No requirio revision (evidencia alta);;B_CPS_PERSONA;CO1.PCCNTR.9690339;1.210.19.13-8163;ALTA;ALIMENTACION_CATERING;GOBERNACION DEL VALLE DEL CAUCA - SECRETARIA DE EDUCACION;890399029;Prestación de servicios;Contratación directa;V1.80111600;JAIDER CIFUENTES HINCAPIE;Cédula de Ciudadanía;1054539105;;;;;18000000;0;2026-07-20;2026-07-24;2026-12-30;0;En ejecución;0;0;0;"PRESTACION DE SERVICIOS DE APOYO A LA GESTIÓN EN EL EJE DE TRANSPARENCIA PARA BRINDAR ATENCIÓN AL PROGRAMA DE ALIMENTACION ESCOLAR DE LA SECRETARIA DE EDUCACION DEPARTAMENTAL; EN EL MARCO DEL PROYECTO FORTALECIMIENTO A LA PERMANENCIA EN LAS INSTITUCIONES EDUCATIVAS OFICIALES DE LOS 34 MUNICIPIOS NO CERTIFICADOS DEL DEPARTAMENTO DEL VALLE DEL CAUCA.";https://community.secop.gov.co/Public/Tendering/OpportunityDetail/Index?noticeUID=CO1.NTC.10545231&isFromPublicArea=True&isModal=true&asPopupView=true
SI;No requirio revision (evidencia alta);;B_CPS_PERSONA;CO1.PCCNTR.9690824;1.210.19.13-8169;ALTA;ALIMENTACION_CATERING;GOBERNACION DEL VALLE DEL CAUCA - SECRETARIA DE EDUCACION;890399029;Prestación de servicios;Contratación directa;V1.80111600;DANIELA SALDARRIAGA SOLIS;Cédula de Ciudadanía;1114459425;;;;;18000000;0;2026-07-20;2026-07-24;2026-12-30;0;En ejecución;0;0;0;"PRESTACION DE SERVICIOS DE APOYO A LA GESTION EN EL EJE FORTALECIMIENTO TERRITORIAL PARA BRINDAR APOYO AL PROGRAMA DE ALIMENTACION ESCOLAR DE LA SECRETARIA DE EDUCACION DEPARTAMENTAL; EN EL MARCO DEL PROYECTO FORTALECIMIENTO A LA PERMANENCIA EN LAS INSTITUCIONES EDUCATIVAS OFICIALES DE LOS 34 MUNICIPIOS NO CERTIFICADOS DEL DEPARTAMENTO DEL VALLE DEL CAUCA.";https://community.secop.gov.co/Public/Tendering/OpportunityDetail/Index?noticeUID=CO1.NTC.10544655&isFromPublicArea=True&isModal=true&asPopupView=true
SI;No requirio revision (evidencia alta);;B_CPS_PERSONA;CO1.PCCNTR.9690833;1.210.19.13-8165;ALTA;ALIMENTACION_CATERING;GOBERNACION DEL VALLE DEL CAUCA - SECRETARIA DE EDUCACION;890399029;Prestación de servicios;Contratación directa;V1.80111600;WILMAN ALEXANDER RAMIREZ REYES;Cédula de Ciudadanía;94377038;;;;;18000000;0;2026-07-20;2026-07-24;2026-12-30;0;En ejecución;0;0;0;"PRESTACION DE SERVICIOS DE APOYO A LA GESTION EN EL EJE FORTALECIMIENTO TERRITORIAL PARA BRINDAR APOYO AL PROGRAMA DE ALIMENTACION ESCOLAR DE LA SECRETARIA DE EDUCACION DEPARTAMENTAL; EN EL MARCO DEL PROYECTO FORTALECIMIENTO A LA PERMANENCIA EN LAS INSTITUCIONES EDUCATIVAS OFICIALES DE LOS 34 MUNICIPIOS NO CERTIFICADOS DEL DEPARTAMENTO DEL VALLE DEL CAUCA.";https://community.secop.gov.co/Public/Tendering/OpportunityDetail/Index?noticeUID=CO1.NTC.10545141&isFromPublicArea=True&isModal=true&asPopupView=true
SI;CONFIRMADO en revision manual;El objeto dice literalmente 'soporte logístico' (cafetería o transporte) en el Dpto. Adm. de Hacienda;B_CPS_PERSONA;CO1.PCCNTR.8779050;4131.010.26.1.0144-2026;ALTA;LOGISTICA_EVENTOS;SANTIAGO DE CALI DISTRITO ESPECIAL - DEPARTAMENTO ADMINISTRATIVO DE HACIENDA;890399011;Prestación de servicios;Contratación directa;V1.80111501;CELMIRA RUIZ ECHEVERRY;Cédula de Ciudadanía;26330796;11168000;5584000;50.0;Documento de modificación: adición de 2 cuotas sobre un CPS de 6 cuotas (validado contra el otrosí de CO1.PCCNTR.8779050);16752000;0;2026-01-09;2026-01-13;2026-06-30;61;Modificado;2;2;122;"Prestar servicios de apoyo a la gestión para el soporte logístico en las actividades de cafetería; organización de espacios y mantenimiento del orden en las instalaciones del Departamento Administrativo de Hacienda";https://community.secop.gov.co/Public/Tendering/OpportunityDetail/Index?noticeUID=CO1.NTC.9401049&isFromPublicArea=True&isModal=true&asPopupView=true
SI;CONFIRMADO en revision manual;El objeto dice literalmente 'soporte logístico' (cafetería o transporte) en el Dpto. Adm. de Hacienda;B_CPS_PERSONA;CO1.PCCNTR.8779099;4131.010.26.1.0163-2026;ALTA;LOGISTICA_EVENTOS;SANTIAGO DE CALI DISTRITO ESPECIAL - DEPARTAMENTO ADMINISTRATIVO DE HACIENDA;890399011;Prestación de servicios;Contratación directa;V1.80111501;MARIELA GRIJALBA MARTÍNEZ;Cédula de Ciudadanía;27297242;11168000;5584000;50.0;Documento de modificación: adición de 2 cuotas sobre un CPS de 6 cuotas (validado contra el otrosí de CO1.PCCNTR.8779050);16752000;0;2026-01-09;2026-01-13;2026-06-30;61;Modificado;2;2;122;"Prestar servicios de apoyo a la gestión para el soporte logístico en las actividades de cafetería; organización de espacios y mantenimiento del orden en las instalaciones del Departamento Administrativo de Hacienda";https://community.secop.gov.co/Public/Tendering/OpportunityDetail/Index?noticeUID=CO1.NTC.9401606&isFromPublicArea=True&isModal=true&asPopupView=true
SI;No requirio revision (evidencia alta);;B_CPS_PERSONA;CO1.PCCNTR.8779164;4131.010.26.1.0162-2026;ALTA;MENSAJERIA_CORREO;SANTIAGO DE CALI DISTRITO ESPECIAL - DEPARTAMENTO ADMINISTRATIVO DE HACIENDA;890399011;Prestación de servicios;Contratación directa;V1.80111501;JOSE ELIAS VALDEZ IBARRA;Cédula de Ciudadanía;10691356;11168000;5584000;50.0;Documento de modificación: adición de 2 cuotas sobre un CPS de 6 cuotas (validado contra el otrosí de CO1.PCCNTR.8779050);16752000;0;2026-01-09;2026-01-13;2026-06-30;61;Modificado;2;2;122;Prestar los servicios de apoyo a la gestión en la distribución de correspondencia y en la inspección del mobiliario en las instalaciones de las diferentes dependencias del Departamento Administrativo de Hacienda.;https://community.secop.gov.co/Public/Tendering/OpportunityDetail/Index?noticeUID=CO1.NTC.9401184&isFromPublicArea=True&isModal=true&asPopupView=true
SI;No requirio revision (evidencia alta);;B_CPS_PERSONA;CO1.PCCNTR.8779213;4131.010.26.1.0033-2026;ALTA;LOGISTICA_EVENTOS|MENSAJERIA_CORREO;SANTIAGO DE CALI DISTRITO ESPECIAL - DEPARTAMENTO ADMINISTRATIVO DE HACIENDA;890399011;Prestación de servicios;Contratación directa;V1.80111501;Carlos Andres Gomez Zuñiga;Cédula de Ciudadanía;16915370;11168000;5584000;50.0;Documento de modificación: adición de 2 cuotas sobre un CPS de 6 cuotas (validado contra el otrosí de CO1.PCCNTR.8779050);16752000;0;2026-01-09;2026-01-13;2026-06-30;61;Modificado;2;2;122;"Prestar servicios de apoyo a la gestión para la operación logística de mensajería motorizada y el soporte administrativo en la gestión documental; asegurando la distribución de correspondencia y la organización del archivo institucional del Departamento Administrativo de Hacienda conforme a la normatividad vigente.";https://community.secop.gov.co/Public/Tendering/OpportunityDetail/Index?noticeUID=CO1.NTC.9401103&isFromPublicArea=True&isModal=true&asPopupView=true
SI;CONFIRMADO en revision manual;El objeto dice literalmente 'soporte logístico' (cafetería o transporte) en el Dpto. Adm. de Hacienda;B_CPS_PERSONA;CO1.PCCNTR.8779253;4131.010.26.1.0161-2026;ALTA;LOGISTICA_EVENTOS;SANTIAGO DE CALI DISTRITO ESPECIAL - DEPARTAMENTO ADMINISTRATIVO DE HACIENDA;890399011;Prestación de servicios;Contratación directa;V1.80111501;INGRID LUCERO SERNA;Cédula de Ciudadanía;66970266;11168000;5584000;50.0;Documento de modificación: adición de 2 cuotas sobre un CPS de 6 cuotas (validado contra el otrosí de CO1.PCCNTR.8779050);16752000;0;2026-01-09;2026-01-13;2026-06-30;61;Modificado;2;2;122;"Prestar servicios de apoyo a la gestión para el soporte logístico en las actividades de cafetería; organización de espacios y mantenimiento del orden en las instalaciones del Departamento Administrativo de Hacienda";https://community.secop.gov.co/Public/Tendering/OpportunityDetail/Index?noticeUID=CO1.NTC.9401168&isFromPublicArea=True&isModal=true&asPopupView=true
SI;CONFIRMADO en revision manual;El objeto dice literalmente 'soporte logístico' (cafetería o transporte) en el Dpto. Adm. de Hacienda;B_CPS_PERSONA;CO1.PCCNTR.8779330;4131.010.26.1.0160-2026;ALTA;LOGISTICA_EVENTOS;SANTIAGO DE CALI DISTRITO ESPECIAL - DEPARTAMENTO ADMINISTRATIVO DE HACIENDA;890399011;Prestación de servicios;Contratación directa;V1.80111501;GLADYS MARIA TABARES GIRALDO;Cédula de Ciudadanía;42776730;11168000;5584000;50.0;Documento de modificación: adición de 2 cuotas sobre un CPS de 6 cuotas (validado contra el otrosí de CO1.PCCNTR.8779050);16752000;0;2026-01-10;2026-01-14;2026-06-30;61;Modificado;2;2;122;"Prestar servicios de apoyo a la gestión para el soporte logístico en las actividades de cafetería; organización de espacios y mantenimiento del orden en las instalaciones del Departamento Administrativo de Hacienda";https://community.secop.gov.co/Public/Tendering/OpportunityDetail/Index?noticeUID=CO1.NTC.9401079&isFromPublicArea=True&isModal=true&asPopupView=true
SI;CONFIRMADO en revision manual;El objeto dice literalmente 'soporte logístico' (cafetería o transporte) en el Dpto. Adm. de Hacienda;B_CPS_PERSONA;CO1.PCCNTR.8779369;4131.010.26.1.0164-2026;ALTA;LOGISTICA_EVENTOS;SANTIAGO DE CALI DISTRITO ESPECIAL - DEPARTAMENTO ADMINISTRATIVO DE HACIENDA;890399011;Prestación de servicios;Contratación directa;V1.80111501;NEFFER CONSTANZA DURAN BERNARDINO;Cédula de Ciudadanía;66835300;11168000;5584000;50.0;Documento de modificación: adición de 2 cuotas sobre un CPS de 6 cuotas (validado contra el otrosí de CO1.PCCNTR.8779050);16752000;0;2026-01-09;2026-01-13;2026-06-30;61;Modificado;2;2;122;"Prestar servicios de apoyo a la gestión para el soporte logístico en las actividades de cafetería; organización de espacios y mantenimiento del orden en las instalaciones del Departamento Administrativo de Hacienda";https://community.secop.gov.co/Public/Tendering/OpportunityDetail/Index?noticeUID=CO1.NTC.9401713&isFromPublicArea=True&isModal=true&asPopupView=true
SI;CONFIRMADO en revision manual;El objeto dice literalmente 'soporte logístico' (cafetería o transporte) en el Dpto. Adm. de Hacienda;B_CPS_PERSONA;CO1.PCCNTR.8779386;4131.010.26.1.0165-2026;ALTA;LOGISTICA_EVENTOS;SANTIAGO DE CALI DISTRITO ESPECIAL - DEPARTAMENTO ADMINISTRATIVO DE HACIENDA;890399011;Prestación de servicios;Contratación directa;V1.80111501;NINFA ZAMORA RAMOS;Cédula de Ciudadanía;29233814;11168000;5584000;50.0;Documento de modificación: adición de 2 cuotas sobre un CPS de 6 cuotas (validado contra el otrosí de CO1.PCCNTR.8779050);16752000;0;2026-01-09;2026-01-13;2026-06-30;61;Modificado;2;2;122;"Prestar servicios de apoyo a la gestión para el soporte logístico en las actividades de cafetería; organización de espacios y mantenimiento del orden en las instalaciones del Departamento Administrativo de Hacienda";https://community.secop.gov.co/Public/Tendering/OpportunityDetail/Index?noticeUID=CO1.NTC.9401749&isFromPublicArea=True&isModal=true&asPopupView=true
SI;CONFIRMADO en revision manual;El objeto dice literalmente 'soporte logístico' (cafetería o transporte) en el Dpto. Adm. de Hacienda;B_CPS_PERSONA;CO1.PCCNTR.8780464;4131.010.26.1.0168-2026;ALTA;LOGISTICA_EVENTOS;SANTIAGO DE CALI DISTRITO ESPECIAL - DEPARTAMENTO ADMINISTRATIVO DE HACIENDA;890399011;Prestación de servicios;Contratación directa;V1.80111501;INGRID ANGELA TRUJILLO BONILLA;Cédula de Ciudadanía;66848555;11168000;5584000;50.0;Documento de modificación: adición de 2 cuotas sobre un CPS de 6 cuotas (validado contra el otrosí de CO1.PCCNTR.8779050);16752000;0;2026-01-09;2026-01-13;2026-06-30;61;Modificado;2;2;122;"Prestar servicios de apoyo a la gestión para el soporte logístico en las actividades de cafetería; organización de espacios y mantenimiento del orden en las instalaciones del Departamento Administrativo de Hacienda";https://community.secop.gov.co/Public/Tendering/OpportunityDetail/Index?noticeUID=CO1.NTC.9403239&isFromPublicArea=True&isModal=true&asPopupView=true
SI;CONFIRMADO en revision manual;El objeto dice literalmente 'soporte logístico' (cafetería o transporte) en el Dpto. Adm. de Hacienda;B_CPS_PERSONA;CO1.PCCNTR.8780641;4131.010.26.1.0167-2026;ALTA;LOGISTICA_EVENTOS;SANTIAGO DE CALI DISTRITO ESPECIAL - DEPARTAMENTO ADMINISTRATIVO DE HACIENDA;890399011;Prestación de servicios;Contratación directa;V1.80111501;Stella Idrobo Moscue;Cédula de Ciudadanía;31524826;11168000;5584000;50.0;Documento de modificación: adición de 2 cuotas sobre un CPS de 6 cuotas (validado contra el otrosí de CO1.PCCNTR.8779050);16752000;0;2026-01-09;2026-01-13;2026-06-30;61;Modificado;2;2;122;"Prestar servicios de apoyo a la gestión para el soporte logístico en las actividades de cafetería; organización de espacios y mantenimiento del orden en las instalaciones del Departamento Administrativo de Hacienda";https://community.secop.gov.co/Public/Tendering/OpportunityDetail/Index?noticeUID=CO1.NTC.9403350&isFromPublicArea=True&isModal=true&asPopupView=true
SI;No requirio revision (evidencia alta);;B_CPS_PERSONA;CO1.PCCNTR.8780656;4131.010.26.1.0169-2026;ALTA;MENSAJERIA_CORREO;SANTIAGO DE CALI DISTRITO ESPECIAL - DEPARTAMENTO ADMINISTRATIVO DE HACIENDA;890399011;Prestación de servicios;Contratación directa;V1.80111501;HELMER CAPERA CAMACHO;Cédula de Ciudadanía;16675217;11168000;5584000;50.0;Documento de modificación: adición de 2 cuotas sobre un CPS de 6 cuotas (validado contra el otrosí de CO1.PCCNTR.8779050);16752000;0;2026-01-09;2026-01-13;2026-06-30;61;Modificado;2;2;122;Prestar servicios de apoyo a la gestión para el soporte logístico en la distribución de correspondencia y la asistencia operativa en la atención a usuarios internos y externos del Departamento Administrativo de Hacienda;https://community.secop.gov.co/Public/Tendering/OpportunityDetail/Index?noticeUID=CO1.NTC.9403505&isFromPublicArea=True&isModal=true&asPopupView=true
SI;No requirio revision (evidencia alta);;B_CPS_PERSONA;CO1.PCCNTR.8796027;4131.010.26.1.0309-2026;ALTA;LOGISTICA_EVENTOS|MENSAJERIA_CORREO;SANTIAGO DE CALI DISTRITO ESPECIAL - DEPARTAMENTO ADMINISTRATIVO DE HACIENDA;890399011;Prestación de servicios;Contratación directa;V1.80111501;Pablo Emilio Guayara Hernandez;Cédula de Ciudadanía;1144057618;11168000;5584000;50.0;Documento de modificación: adición de 2 cuotas sobre un CPS de 6 cuotas (validado contra el otrosí de CO1.PCCNTR.8779050);16752000;0;2026-01-13;2026-01-16;2026-06-30;61;Modificado;2;2;122;"Prestar servicios de apoyo a la gestión para la operación logística de mensajería motorizada y el soporte administrativo en la gestión documental; asegurando la distribución de correspondencia y la organización del archivo institucional de la Subdirección de Tesorería del Departamento Administrativo de Hacienda conforme a la normatividad vigente.";https://community.secop.gov.co/Public/Tendering/OpportunityDetail/Index?noticeUID=CO1.NTC.9420057&isFromPublicArea=True&isModal=true&asPopupView=true
SI;No requirio revision (evidencia alta);;B_CPS_PERSONA;CO1.PCCNTR.8823637;4131.010.26.1.0339-2026;ALTA;LOGISTICA_EVENTOS|MENSAJERIA_CORREO;SANTIAGO DE CALI DISTRITO ESPECIAL - DEPARTAMENTO ADMINISTRATIVO DE HACIENDA;890399011;Prestación de servicios;Contratación directa;V1.80111501;Wilson Ballesteros Olave;Cédula de Ciudadanía;16652133;11168000;5584000;50.0;Documento de modificación: adición de 2 cuotas sobre un CPS de 6 cuotas (validado contra el otrosí de CO1.PCCNTR.8779050);16752000;0;2026-01-12;2026-01-14;2026-06-30;61;Modificado;2;2;122;"Prestar servicios de apoyo a la gestión para la operación logística de mensajería y el soporte administrativo en la gestión documental; asegurando la distribución de correspondencia y la organización del archivo institucional de la Subdirección de Tesorería del Departamento Administrativo de Hacienda conforme a la normatividad vigente.";https://community.secop.gov.co/Public/Tendering/OpportunityDetail/Index?noticeUID=CO1.NTC.9453079&isFromPublicArea=True&isModal=true&asPopupView=true
SI;No requirio revision (evidencia alta);;B_CPS_PERSONA;CO1.PCCNTR.8881601;4131.010.26.1.0170-2026;ALTA;MENSAJERIA_CORREO;SANTIAGO DE CALI DISTRITO ESPECIAL - DEPARTAMENTO ADMINISTRATIVO DE HACIENDA;890399011;Prestación de servicios;Contratación directa;V1.80111501;CARLOS ARTURO LAÑAS CANO;Cédula de Ciudadanía;16.761.494;11168000;5584000;50.0;Documento de modificación: adición de 2 cuotas sobre un CPS de 6 cuotas (validado contra el otrosí de CO1.PCCNTR.8779050);16752000;0;2026-01-14;2026-01-16;2026-06-30;61;Modificado;2;2;122;Prestar servicios de apoyo a la gestión para el soporte logístico en la distribución de correspondencia y la asistencia operativa en la atención a usuarios internos y externos del Departamento Administrativo de Hacienda;https://community.secop.gov.co/Public/Tendering/OpportunityDetail/Index?noticeUID=CO1.NTC.9513701&isFromPublicArea=True&isModal=true&asPopupView=true
SI;No requirio revision (evidencia alta);;B_CPS_PERSONA;CO1.PCCNTR.8890283;4124.010.26.1.008-2026;ALTA;CAFETERIA;SANTIAGO DE CALI DISTRITO ESPECIAL - DEPARTAMENTO ADMINISTRATIVO DE CONTROL DISCIPLINARIO INTERNO;890399011;Prestación de servicios;Contratación directa;V1.80111500;MARIA TULIA DAVILA QUINTO;Cédula de Ciudadanía;26331102;;;;;16752000;0;2026-01-14;2026-01-14;2026-06-30;60;Modificado;1;1;61;"Prestar los servicios de apoyo en la gestión administrativa del Departamento Administrativo de Control Disciplinario Interno de Instrucción ejecutando todas las actividades inherentes a la limpieza; aseo y servicio de cafetería; y las demás que el(la) Director(a) del Departamento Administrativo de Control Disciplinario Interno de Instrucción le asigne de acuerdo a la naturaleza y objeto del contrato";https://community.secop.gov.co/Public/Tendering/OpportunityDetail/Index?noticeUID=CO1.NTC.9522878&isFromPublicArea=True&isModal=true&asPopupView=true
SI;No requirio revision (evidencia alta);;B_CPS_PERSONA;CO1.PCCNTR.9631313;4131.010.26.1.1177-2026;ALTA;LOGISTICA_EVENTOS|MENSAJERIA_CORREO;SANTIAGO DE CALI DISTRITO ESPECIAL - DEPARTAMENTO ADMINISTRATIVO DE HACIENDA;890399011;Prestación de servicios;Contratación directa;V1.80111501;Carlos Andres Gomez Zuñiga;Cédula de Ciudadanía;16915370;;;;;16752000;0;2026-07-09;2026-07-10;2026-12-31;0;En ejecución;0;0;0;"Prestar servicios de apoyo a la gestión para la operación logística de mensajería motorizada y el soporte en la gestión documental; asegurando la distribución de correspondencia y la organización del archivo institucional del Departamento Administrativo de Hacienda conforme a la normatividad vigente.";https://community.secop.gov.co/Public/Tendering/OpportunityDetail/Index?noticeUID=CO1.NTC.10471539&isFromPublicArea=True&isModal=true&asPopupView=true
SI;CONFIRMADO en revision manual;El objeto dice literalmente 'soporte logístico' (cafetería o transporte) en el Dpto. Adm. de Hacienda;B_CPS_PERSONA;CO1.PCCNTR.9632775;4131.010.26.1.1192-2026;ALTA;LOGISTICA_EVENTOS;SANTIAGO DE CALI DISTRITO ESPECIAL - DEPARTAMENTO ADMINISTRATIVO DE HACIENDA;890399011;Prestación de servicios;Contratación directa;V1.80111501;GLADYS MARIA TABARES GIRALDO;Cédula de Ciudadanía;42776730;;;;;16752000;0;2026-07-10;2026-07-15;2026-12-31;0;En ejecución;0;0;0;"Prestar servicios de apoyo a la gestión para el soporte logístico en las actividades de cafetería; organización de espacios y mantenimiento del orden en las instalaciones del Departamento Administrativo de Hacienda.";https://community.secop.gov.co/Public/Tendering/OpportunityDetail/Index?noticeUID=CO1.NTC.10475140&isFromPublicArea=True&isModal=true&asPopupView=true
SI;CONFIRMADO en revision manual;El objeto dice literalmente 'soporte logístico' (cafetería o transporte) en el Dpto. Adm. de Hacienda;B_CPS_PERSONA;CO1.PCCNTR.9632785;4131.010.26.1.1193-2026;ALTA;LOGISTICA_EVENTOS;SANTIAGO DE CALI DISTRITO ESPECIAL - DEPARTAMENTO ADMINISTRATIVO DE HACIENDA;890399011;Prestación de servicios;Contratación directa;V1.80111501;INGRID LUCERO SERNA;Cédula de Ciudadanía;66970266;;;;;16752000;0;2026-07-09;2026-07-10;2026-12-31;0;En ejecución;0;0;0;"Prestar servicios de apoyo a la gestión para el soporte logístico en las actividades de cafetería; organización de espacios y mantenimiento del orden en las instalaciones del Departamento Administrativo de Hacienda.";https://community.secop.gov.co/Public/Tendering/OpportunityDetail/Index?noticeUID=CO1.NTC.10475053&isFromPublicArea=True&isModal=true&asPopupView=true
SI;CONFIRMADO en revision manual;El objeto dice literalmente 'soporte logístico' (cafetería o transporte) en el Dpto. Adm. de Hacienda;B_CPS_PERSONA;CO1.PCCNTR.9633063;4131.010.26.1.1196-2026;ALTA;LOGISTICA_EVENTOS;SANTIAGO DE CALI DISTRITO ESPECIAL - DEPARTAMENTO ADMINISTRATIVO DE HACIENDA;890399011;Prestación de servicios;Contratación directa;V1.80111501;Stella Idrobo Moscue;Cédula de Ciudadanía;31524826;;;;;16752000;0;2026-07-14;2026-07-15;2026-12-31;0;En ejecución;0;0;0;"Prestar servicios de apoyo a la gestión para el soporte logístico en las actividades de cafetería; organización de espacios y mantenimiento del orden en las instalaciones del Departamento Administrativo de Hacienda.";https://community.secop.gov.co/Public/Tendering/OpportunityDetail/Index?noticeUID=CO1.NTC.10475321&isFromPublicArea=True&isModal=true&asPopupView=true
SI;CONFIRMADO en revision manual;El objeto dice literalmente 'soporte logístico' (cafetería o transporte) en el Dpto. Adm. de Hacienda;B_CPS_PERSONA;CO1.PCCNTR.9633117;4131.010.26.1.1194-2026;ALTA;LOGISTICA_EVENTOS;SANTIAGO DE CALI DISTRITO ESPECIAL - DEPARTAMENTO ADMINISTRATIVO DE HACIENDA;890399011;Prestación de servicios;Contratación directa;V1.80111501;NINFA ZAMORA RAMOS;Cédula de Ciudadanía;29233814;;;;;16752000;0;2026-07-09;2026-07-10;2026-12-31;0;En ejecución;0;0;0;"Prestar servicios de apoyo a la gestión para el soporte logístico en las actividades de cafetería; organización de espacios y mantenimiento del orden en las instalaciones del Departamento Administrativo de Hacienda.";https://community.secop.gov.co/Public/Tendering/OpportunityDetail/Index?noticeUID=CO1.NTC.10474785&isFromPublicArea=True&isModal=true&asPopupView=true
SI;No requirio revision (evidencia alta);;B_CPS_PERSONA;CO1.PCCNTR.9662210;4131.010.26.1.1365-2026;ALTA;MENSAJERIA_CORREO;SANTIAGO DE CALI DISTRITO ESPECIAL - DEPARTAMENTO ADMINISTRATIVO DE HACIENDA;890399011;Prestación de servicios;Contratación directa;V1.80111501;JOSE ELIAS VALDEZ IBARRA;Cédula de Ciudadanía;10691356;;;;;16752000;0;2026-07-15;2026-07-16;2026-12-31;0;En ejecución;0;0;0;Prestar los servicios de apoyo a la gestión en la distribución de correspondencia y en la inspección del mobiliario en las instalaciones de las diferentes dependencias del Departamento Administrativo de Hacienda.;https://community.secop.gov.co/Public/Tendering/OpportunityDetail/Index?noticeUID=CO1.NTC.10508365&isFromPublicArea=True&isModal=true&asPopupView=true
SI;CONFIRMADO en revision manual;El objeto dice literalmente 'soporte logístico' (cafetería o transporte) en el Dpto. Adm. de Hacienda;B_CPS_PERSONA;CO1.PCCNTR.9662860;4131.010.26.1.1366-2026;ALTA;LOGISTICA_EVENTOS;SANTIAGO DE CALI DISTRITO ESPECIAL - DEPARTAMENTO ADMINISTRATIVO DE HACIENDA;890399011;Prestación de servicios;Contratación directa;V1.80111501;INGRID ANGELA TRUJILLO BONILLA;Cédula de Ciudadanía;66848555;;;;;16752000;0;2026-07-15;2026-07-16;2026-12-31;0;En ejecución;0;0;0;"Prestar servicios de apoyo a la gestión para el soporte logístico en las actividades de cafetería; organización de espacios y mantenimiento del orden en las instalaciones del Departamento Administrativo de Hacienda.";https://community.secop.gov.co/Public/Tendering/OpportunityDetail/Index?noticeUID=CO1.NTC.10511470&isFromPublicArea=True&isModal=true&asPopupView=true
SI;CONFIRMADO en revision manual;El objeto dice literalmente 'soporte logístico' (cafetería o transporte) en el Dpto. Adm. de Hacienda;B_CPS_PERSONA;CO1.PCCNTR.9663162;4131.010.26.1.1377-2026;ALTA;LOGISTICA_EVENTOS;SANTIAGO DE CALI DISTRITO ESPECIAL - DEPARTAMENTO ADMINISTRATIVO DE HACIENDA;890399011;Prestación de servicios;Contratación directa;V1.80111501;MARIELA GRIJALBA MARTÍNEZ;Cédula de Ciudadanía;27297242;;;;;16752000;0;2026-07-15;2026-07-16;2026-12-31;0;En ejecución;0;0;0;"Prestar servicios de apoyo a la gestión para el soporte logístico en las actividades de cafetería; organización de espacios y mantenimiento del orden en las instalaciones del Departamento Administrativo de Hacienda.";https://community.secop.gov.co/Public/Tendering/OpportunityDetail/Index?noticeUID=CO1.NTC.10511779&isFromPublicArea=True&isModal=true&asPopupView=true
SI;No requirio revision (evidencia alta);;B_CPS_PERSONA;CO1.PCCNTR.9663543;4131.010.26.1.1378-2026;ALTA;MENSAJERIA_CORREO;SANTIAGO DE CALI DISTRITO ESPECIAL - DEPARTAMENTO ADMINISTRATIVO DE HACIENDA;890399011;Prestación de servicios;Contratación directa;V1.80111501;HELMER CAPERA CAMACHO;Cédula de Ciudadanía;16675217;;;;;16752000;0;2026-07-15;2026-07-16;2026-12-31;0;En ejecución;0;0;0;Prestar servicios de apoyo a la gestión para el soporte logístico en la distribución de correspondencia y la asistencia operativa en la atención a usuarios internos y externos del Departamento Administrativo de Hacienda.;https://community.secop.gov.co/Public/Tendering/OpportunityDetail/Index?noticeUID=CO1.NTC.10511783&isFromPublicArea=True&isModal=true&asPopupView=true
SI;No requirio revision (evidencia alta);;B_CPS_PERSONA;CO1.PCCNTR.9665267;4131.010.26.1.1380-2026;ALTA;MENSAJERIA_CORREO;SANTIAGO DE CALI DISTRITO ESPECIAL - DEPARTAMENTO ADMINISTRATIVO DE HACIENDA;890399011;Prestación de servicios;Contratación directa;V1.80111501;CARLOS ARTURO LAÑAS CANO;Cédula de Ciudadanía;16.761.494;;;;;16752000;0;2026-07-15;2026-07-16;2026-12-31;0;En ejecución;0;0;0;Prestar servicios de apoyo a la gestión para el soporte logístico en la distribución de correspondencia y la asistencia operativa en la atención a usuarios internos y externos del Departamento Administrativo de Hacienda.;https://community.secop.gov.co/Public/Tendering/OpportunityDetail/Index?noticeUID=CO1.NTC.10508451&isFromPublicArea=True&isModal=true&asPopupView=true
SI;No requirio revision (evidencia alta);;B_CPS_PERSONA;CO1.PCCNTR.9687427;4124.010.26.1.082-2026;ALTA;CAFETERIA;SANTIAGO DE CALI DISTRITO ESPECIAL - DEPARTAMENTO ADMINISTRATIVO DE CONTROL DISCIPLINARIO INTERNO;890399011;Prestación de servicios;Contratación directa;V1.80111500;MARIA TULIA DAVILA QUINTO;Cédula de Ciudadanía;26331102;;;;;16752000;0;2026-07-18;2026-07-21;2026-12-31;0;En ejecución;0;0;0;"Prestar los servicios de apoyo en la gestión administrativa del Departamento Administrativo de Control Disciplinario Interno de Instrucción ejecutando todas las actividades inherentes a la limpieza; aseo y servicio de cafetería; y las demás que el(la) Director(a) del Departamento Administrativo de Control Disciplinario Interno de Instrucción le asigne de acuerdo a la naturaleza y objeto del contrato";https://community.secop.gov.co/Public/Tendering/OpportunityDetail/Index?noticeUID=CO1.NTC.10541523&isFromPublicArea=True&isModal=true&asPopupView=true
SI;CONFIRMADO en revision manual;El objeto dice literalmente 'soporte logístico' (cafetería o transporte) en el Dpto. Adm. de Hacienda;B_CPS_PERSONA;CO1.PCCNTR.9678802;4131.010.26.1.1363-2026;ALTA;LOGISTICA_EVENTOS;SANTIAGO DE CALI DISTRITO ESPECIAL - DEPARTAMENTO ADMINISTRATIVO DE HACIENDA;890399011;Prestación de servicios;Contratación directa;V1.80111501;NEFFER CONSTANZA DURAN BERNARDINO;Cédula de Ciudadanía;66835300;;;;;13960000;0;2026-07-17;2026-07-21;2026-12-15;0;En ejecución;0;0;0;"Prestar servicios de apoyo a la gestión para el soporte logístico en las actividades de cafetería; organización de espacios y mantenimiento del orden en las instalaciones del Departamento Administrativo de Hacienda.";https://community.secop.gov.co/Public/Tendering/OpportunityDetail/Index?noticeUID=CO1.NTC.10508622&isFromPublicArea=True&isModal=true&asPopupView=true
SI;No requirio revision (evidencia alta);;B_CPS_PERSONA;CO1.PCCNTR.9621716;1.110.19.13.6136;ALTA;LOGISTICA_EVENTOS;GOBERNACION DEL VALLE DEL CAUCA - DEPARTAMENTO ADMINISTRATIVO DE PLANEACION;890399029;Prestación de servicios;Contratación directa;V1.80111600;Jefferson Daniel Velasco Martinez;Cédula de Ciudadanía;94072799;;;;;7700000;0;2026-07-06;2026-07-09;2026-07-31;0;En ejecución;0;0;0;Prestar servicios Profesionales en el Departamento Administrativo de Planeacion como ingeniero industrial especialista en gerencia logistica integral en el desarrollo del proyecto denominado Contribución a la política de Planeación Institucional en el Valle del Cauca;https://community.secop.gov.co/Public/Tendering/OpportunityDetail/Index?noticeUID=CO1.NTC.10456324&isFromPublicArea=True&isModal=true&asPopupView=true
SI;No requirio revision (evidencia alta);;B_CPS_PERSONA;CO1.PCCNTR.9686136;1.210.19.13-8057;ALTA;TRANSPORTE_VIAJES;GOBERNACION DEL VALLE DEL CAUCA - SECRETARIA DE EDUCACION;890399029;Prestación de servicios;Contratación directa;V1.80111600;JUAN PABLO BUENO PINCHAO;Cédula de Ciudadanía;16916031;;;;;5000000;0;2026-07-18;2026-07-28;2026-07-30;0;En ejecución;0;0;0;"PRESTAR LOS SERVICIOS COMO PROFESIONAL EN LA SECRETARÍA DE EDUCACIÓN DEPARTAMENTAL DEL VALLE DEL CAUCA; EN EL MARCO DEL PROYECTO COFINANCIACIÓN DE LA ESTRATEGIA DE TRANSPORTE ESCOLAR PARA EL ACCESO Y LA PERMANENCIA DE LOS ESTUDIANTES DE LOS ESTABLECIMIENTOS EDUCATIVOS OFICIALES DEL VALLE DEL CALICA";https://community.secop.gov.co/Public/Tendering/OpportunityDetail/Index?noticeUID=CO1.NTC.10540026&isFromPublicArea=True&isModal=true&asPopupView=true
SI;No requirio revision (evidencia alta);;B_CPS_PERSONA;CO1.PCCNTR.9685490;1.210.19.13-8055;ALTA;TRANSPORTE_VIAJES;GOBERNACION DEL VALLE DEL CAUCA - SECRETARIA DE EDUCACION;890399029;Prestación de servicios;Contratación directa;V1.80111600;GABRIEL AMARILES QUIÑONES;Cédula de Ciudadanía;94540602;;;;;4000000;0;2026-07-18;2026-07-28;2026-07-30;0;En ejecución;0;0;0;"PRESTAR LOS SERVICIOS COMO PROFESIONAL EN LA SECRETARÍA DE EDUCACIÓN DEPARTAMENTAL DEL VALLE DEL CAUCA; EN EL MARCO DEL PROYECTO COFINANCIACIÓN DE LA ESTRATEGIA DE TRANSPORTE ESCOLAR PARA EL ACCESO Y LA PERMANENCIA DE LOS ESTUDIANTES DE LOS ESTABLECIMIENTOS EDUCATIVOS OFICIALES DEL VALLE DEL CAUCA.";https://community.secop.gov.co/Public/Tendering/OpportunityDetail/Index?noticeUID=CO1.NTC.10539737&isFromPublicArea=True&isModal=true&asPopupView=true
SI;No requirio revision (evidencia alta);;B_CPS_PERSONA;CO1.PCCNTR.9686531;1.210.19.13-8060;ALTA;TRANSPORTE_VIAJES;GOBERNACION DEL VALLE DEL CAUCA - SECRETARIA DE EDUCACION;890399029;Prestación de servicios;Contratación directa;V1.80111600;KAROL DAYANA GOMEZ AGUIRRE;Cédula de Ciudadanía;1114211903;;;;;4000000;0;2026-07-18;2026-07-28;2026-07-30;0;En ejecución;0;0;0;"PRESTAR LOS SERVICIOS COMO PROFESIONAL EN LA SECRETARÍA DE EDUCACIÓN DEPARTAMENTAL DEL VALLE DEL CAUCA; EN EL MARCO DEL PROYECTO COFINANCIACIÓN DE LA ESTRATEGIA DE TRANSPORTE ESCOLAR PARA EL ACCESO Y LA PERMANENCIA DE LOS ESTUDIANTES DE LOS ESTABLECIMIENTOS EDUCATIVOS OFICIALES DEL VALLE DEL CAUCA";https://community.secop.gov.co/Public/Tendering/OpportunityDetail/Index?noticeUID=CO1.NTC.10540139&isFromPublicArea=True&isModal=true&asPopupView=true
SI;No requirio revision (evidencia alta);;B_CPS_PERSONA;CO1.PCCNTR.9704141;1.210.19.13-8225;ALTA;TRANSPORTE_VIAJES;GOBERNACION DEL VALLE DEL CAUCA - SECRETARIA DE EDUCACION;890399029;Prestación de servicios;Contratación directa;V1.80111600;Karen Daiana Gómez Gallego;Cédula de Ciudadanía;1107095169;;;;;4000000;0;2026-07-23;2026-07-24;2026-07-30;0;En ejecución;0;0;0;"PRESTAR LOS SERVICIOS COMO PROFESIONAL EN LA SECRETARÍA DE EDUCACIÓN DEPARTAMENTAL DEL VALLE DEL CAUCA; EN EL MARCO DEL PROYECTO COFINANCIACIÓN DE LA ESTRATEGIA DE TRANSPORTE ESCOLAR PARA EL ACCESO Y LA PERMANENCIA DE LOS ESTUDIANTES DE LOS ESTABLECIMIENTOS EDUCATIVOS OFICIALES DEL VALLE DEL CAUCA.";https://community.secop.gov.co/Public/Tendering/OpportunityDetail/Index?noticeUID=CO1.NTC.10565372&isFromPublicArea=True&isModal=true&asPopupView=true
NO;DESCARTADO en revision manual;"Proyectos pedagógicos y convivencia escolar; UNSPSC 90101600 (catering) mal asignado";A_PROVEEDOR_SERVICIO;CO1.PCCNTR.9381050;1.210.20.01-6021;MEDIA;ALIMENTACION_CATERING;GOBERNACION DEL VALLE DEL CAUCA - SECRETARIA DE EDUCACION;890399029;Decreto 092 de 2017;Contratación régimen especial (con ofertas);V1.90101600;FUNDACIÓN AVE FÉNIX;NIT;805021479;;;;;10581717368;0;2026-03-06;2026-03-19;2026-12-15;0;En ejecución;0;0;0;"Aunar esfuerzos técnicos; administrativos y financieros para la ejecución de los proyectos de consolidación de la alianza familia - escuela; el mejoramiento de la gestión escolar; - fortalecimiento de los proyectos pedagógicos productivos; emprendimiento y asociaciones de futuros agricultores y; el fortalecimiento de la convivencia escolar y proyectos pedagógicos trasversales en las instituciones educativas oficiales de los municipios no certificados del Valle del Cauca";https://community.secop.gov.co/Public/Tendering/OpportunityDetail/Index?noticeUID=CO1.NTC.10070317&isFromPublicArea=True&isModal=true&asPopupView=true
NO;DESCARTADO en revision manual;"Fortalecimiento empresarial de emprendedores; sin componente logístico";A_PROVEEDOR_SERVICIO;CO1.PCCNTR.9515625;4171.010.27.1.007-2026;MEDIA;LOGISTICA_EVENTOS;SANTIAGO DE CALI DISTRITO ESPECIAL - SECRETARIA DE DESARROLLO ECONOMICO;890399011;Decreto 092 de 2017;Contratación régimen especial (con ofertas);V1.80141900;SEMILLA PAIS;NIT;9005892436;;;;;2364192850;0;2026-05-19;2026-06-04;2026-10-31;0;En ejecución;0;0;0;"AUNAR ESFUERZOS TÉCNICOS; ADMINISTRATIVOS; FINANCIEROS Y HUMANOS PARA FORTALECER LAS CAPACIDADES EMPRESARIALES Y PRODUCTIVAS DE EMPRENDEDORES; MICROEMPRESARIOS Y MICRONEGOCIOS UBICADOS EN LAS COMUNAS 1; 17; 19 Y EL CORREGIMIENTO DE LA ELVIRA DE SANTIAGO DE CALI";https://community.secop.gov.co/Public/Tendering/OpportunityDetail/Index?noticeUID=CO1.NTC.10165699&isFromPublicArea=True&isModal=true&asPopupView=true
NO;DESCARTADO en revision manual;"Fortalecimiento empresarial de emprendedores; sin componente logístico";A_PROVEEDOR_SERVICIO;CO1.PCCNTR.9516202;4171.010.27.1.008-2026;MEDIA;LOGISTICA_EVENTOS;SANTIAGO DE CALI DISTRITO ESPECIAL - SECRETARIA DE DESARROLLO ECONOMICO;890399011;Decreto 092 de 2017;Contratación régimen especial (con ofertas);V1.80141900;Asociacion Hábitat Humano;NIT;805015208;;;;;2135547799;0;2026-05-19;2026-06-01;2026-11-30;0;En ejecución;0;0;0;"Aunar esfuerzos técnicos; administrativos; financieros y humanos para el fortalecimiento de las capacidades empresariales; comerciales y productivas de emprendedores; microempresarios y micronegocios de las Comunas 14; 15; Corregimiento de Navarro y la Castilla de Santiago de Cali en la vigencia 2026";https://community.secop.gov.co/Public/Tendering/OpportunityDetail/Index?noticeUID=CO1.NTC.10165888&isFromPublicArea=True&isModal=true&asPopupView=true
NO;DESCARTADO en revision manual;"Fortalecimiento empresarial de emprendedores; sin componente logístico";A_PROVEEDOR_SERVICIO;CO1.PCCNTR.9513636;4171.010.27.1.005-2026;MEDIA;LOGISTICA_EVENTOS;SANTIAGO DE CALI DISTRITO ESPECIAL - SECRETARIA DE DESARROLLO ECONOMICO;890399011;Decreto 092 de 2017;Contratación régimen especial (con ofertas);V1.80141900;SEMILLA PAIS;NIT;9005892436;;;;;1856587033;0;2026-05-19;2026-06-01;2026-11-30;0;En ejecución;0;0;0;"Aunar esfuerzos técnicos; administrativos; financieros y humanos para fortalecer las capacidades empresariales y productivas de emprendedores; microempresarios y micronegocios ubicados en las comunas 4; 5 y el corregimiento de Montebello de Santiago de Cali";https://community.secop.gov.co/Public/Tendering/OpportunityDetail/Index?noticeUID=CO1.NTC.10165700&isFromPublicArea=True&isModal=true&asPopupView=true
NO;DESCARTADO en revision manual;"Asistencia técnica y formación a mipymes; UNSPSC de eventos mal asignado";A_PROVEEDOR_SERVICIO;CO1.PCCNTR.9233408;1.310.19.18-5921 de 2026;MEDIA;LOGISTICA_EVENTOS;SECRETARIA DE DESARROLLO ECONOMICO Y COMPETITIVIDAD;8903990295;Otro;Contratación directa;V1.80141607;EMPRESA DE RECURSOS TECNOLÓGICOS S.A-E.S.P.;NIT;800135729;;;;;1698000000;0;2026-01-29;2026-01-30;2026-07-31;31;Modificado;2;2;31;"PRESTAR SERVICIOS ESPECIALIZADOS DE ASISTENCIA TÉCNICA; FORMACIÓN Y ACOMPAÑAMIENTO INTEGRAL; ORIENTADOS A FORTALECER LAS CAPACIDADES DE INNOVACIÓN DE LAS MICRO; PEQUEÑAS Y MEDIANAS EMPRESAS (MIPYMES DEL VALLE DEL CAUCA)";https://community.secop.gov.co/Public/Tendering/OpportunityDetail/Index?noticeUID=CO1.NTC.9865139&isFromPublicArea=True&isModal=true&asPopupView=true
NO;DESCARTADO en revision manual;"Innovacion pedagogica y curricular; UNSPSC de eventos mal asignado";A_PROVEEDOR_SERVICIO;CO1.PCCNTR.9467028;4143.010.27.1.0003.2026;MEDIA;LOGISTICA_EVENTOS;SECRETARIA DE EDUCACION DE CALI;890399011;Decreto 092 de 2017;Contratación régimen especial (con ofertas);V1.80141902;CORPOEDUCACIÓN;NIT;830016145;;;;;1673147873;0;2026-04-23;2026-04-30;2026-11-27;0;En ejecución;0;0;0;"AUNAR ESFUERZOS TÉCNICOS; ADMINISTRATIVOS Y FINANCIEROS PARA EL FORTALECIMIENTO DE LOS PROCESOS DE INNOVACIÓN PEDAGÓGICOS Y CURRICULARES QUE CONTRIBUYAN AL DESARROLLO DE APRENDIZAJES ACORDE CON EL PROYECTO DE INVERSIÓN 26005487; VIGENCIA 2026.";https://community.secop.gov.co/Public/Tendering/OpportunityDetail/Index?noticeUID=CO1.NTC.10159402&isFromPublicArea=True&isModal=true&asPopupView=true
NO;DESCARTADO en revision manual;"Fortalecimiento empresarial de emprendedores; sin componente logístico";A_PROVEEDOR_SERVICIO;CO1.PCCNTR.9525486;4171.010.27.1.009-2026;MEDIA;LOGISTICA_EVENTOS;SANTIAGO DE CALI DISTRITO ESPECIAL - SECRETARIA DE DESARROLLO ECONOMICO;890399011;Decreto 092 de 2017;Contratación régimen especial (con ofertas);V1.80141900;UT FUNDESARROLLO;Otro;No Definido;;;;;1617599546;0;2026-05-28;2026-06-10;2026-11-13;0;En ejecución;0;0;0;"Aunar esfuerzos técnicos; administrativos; financieros y humanos para fortalecer las capacidades empresariales y productivas de emprendedores; microempresarios y micronegocios ubicados en las comuna 9 y los corregimientos de Hormiguero; Pichindé y Leonera de Santiago De Cali";https://community.secop.gov.co/Public/Tendering/OpportunityDetail/Index?noticeUID=CO1.NTC.10164207&isFromPublicArea=True&isModal=true&asPopupView=true
NO;DESCARTADO en revision manual;"Formación en competencias laborales; UNSPSC de eventos mal asignado";A_PROVEEDOR_SERVICIO;CO1.PCCNTR.9467849;No 4171.010.27.1.002-2026;MEDIA;LOGISTICA_EVENTOS;SANTIAGO DE CALI DISTRITO ESPECIAL - SECRETARIA DE DESARROLLO ECONOMICO;890399011;Decreto 092 de 2017;Contratación régimen especial (con ofertas);V1.80141607;ASOCIACION ANTONIO MACEO Y GRAJALES;NIT;805017388;;;;;1360190066;0;2026-05-07;2026-05-15;2026-10-31;0;En ejecución;0;0;0;"Aunar esfuerzos técnicos; administrativos; financieros y humanos para el desarrollo de competencias laborales a personas con vulnerabilidad laboral de las Comunas 2; 5; 14; 15 y 17 de Santiago de Cali en la vigencia 2026";https://community.secop.gov.co/Public/Tendering/OpportunityDetail/Index?noticeUID=CO1.NTC.10164405&isFromPublicArea=True&isModal=true&asPopupView=true
NO;DESCARTADO en revision manual;"Formación en competencias laborales; UNSPSC 81141601 (logística) mal asignado";A_PROVEEDOR_SERVICIO;CO1.PCCNTR.9499762;CONVENIO DE ASOCIACIÓN No 4171.010.27.1.004-2026;MEDIA;LOGISTICA_EVENTOS;SANTIAGO DE CALI DISTRITO ESPECIAL - SECRETARIA DE DESARROLLO ECONOMICO;890399011;Decreto 092 de 2017;Contratación régimen especial (con ofertas);V1.81141601;ASOCIACION ANTONIO MACEO Y GRAJALES;NIT;805017388;;;;;1307015628;0;2026-05-11;2026-05-28;2026-11-13;0;En ejecución;0;0;0;"Aunar esfuerzos técnicos; administrativos; financieros y humanos para el desarrollo de competencias laborales a personas con vulnerabilidad laboral de las comunas 3; 9; 10; 20 y el corregimiento de Hormiguero de Santiago de Cali en la vigencia 2026.";https://community.secop.gov.co/Public/Tendering/OpportunityDetail/Index?noticeUID=CO1.NTC.10164201&isFromPublicArea=True&isModal=true&asPopupView=true
NO;DESCARTADO en revision manual;"Asistencia técnica a proyectos de infraestructura; UNSPSC 81141601 mal asignado";A_PROVEEDOR_SERVICIO;CO1.PCCNTR.9698760;1.360.19.18-8228;MEDIA;LOGISTICA_EVENTOS;SECRETARIA DE INFRAESTRUCTURA - GOBERNACION DEL VALLE;8903990295;Otro;Contratación directa;V1.81141601;INNOVATECH E.I.C.E.;NIT;890309152;;;;;1249552000;0;2026-07-22;2026-07-23;2026-12-31;0;En ejecución;0;0;0;"FORTALECIMIENTO A LA GESTIÓN INSTITUCIONAL DE ASISTENCIA TÉCNICA; SOCIAL Y AMBIENTAL DE LOS PROYECTOS DE LA SECRETARIA DE INFRAESTRUCTURA EN EL DEPARTAMENTO DEL VALLE DEL CAUCA";https://community.secop.gov.co/Public/Tendering/OpportunityDetail/Index?noticeUID=CO1.NTC.10556871&isFromPublicArea=True&isModal=true&asPopupView=true
NO;DESCARTADO en revision manual;"Objeto genérico de apoyo a la gestión; es agencia de comunicaciones";A_PROVEEDOR_SERVICIO;CO1.PCCNTR.9206190;100.8.4.386.2026;MEDIA;LOGISTICA_EVENTOS;CONCEJO DISTRITAL DE SANTIAGO DE CALI;890399011;Prestación de servicios;Contratación directa;V1.80141607;Prensa y Entretenimiento Agencia de Comunicaciones S.A.S;NIT;900423752;;;;;1000000000;0;2026-01-28;2026-01-29;2026-12-30;0;En ejecución;0;0;0;Prestar servicios de apoyo a la gestión para el cumplimiento de las competencias misionales e institucionales del Concejo Distrital de Santiago de Cali y Plan Estratégico 2026.;https://community.secop.gov.co/Public/Tendering/OpportunityDetail/Index?noticeUID=CO1.NTC.9837543&isFromPublicArea=True&isModal=true&asPopupView=true
NO;DESCARTADO en revision manual;"Formulación del Plan Decenal de Educación; UNSPSC de eventos mal asignado";A_PROVEEDOR_SERVICIO;CO1.PCCNTR.9405854;4143.010.27.1.0001.2026;MEDIA;LOGISTICA_EVENTOS;SECRETARIA DE EDUCACION DE CALI;890399011;Decreto 092 de 2017;Contratación régimen especial (con ofertas);V1.80141902;FUNDACIÓN PARA EL DESARROLLO INTEGRAL DEL PACIFICO;NIT;8903049009;;;;;572364329;0;2026-03-20;2026-04-10;2026-11-30;0;En ejecución;0;0;0;"AUNAR ESFUERZOS TÉCNICOS; ADMINISTRATIVOS Y FINANCIEROS PARA DESARROLLAR LA SEGUNDA FASE DE FORMULACIÓN DEL PLAN DISTRITAL DECENAL DE EDUCACIÓN DEL DISTRITO ESPECIAL DE SANTIAGO DE CALI 2027-2036; BAJO LA DIRECCIÓN Y LINEAMIENTOS ESTRATÉGICOS DE LA SECRETARÍA DE EDUCACIÓN DISTRITAL; MEDIANTE UN PROCESO TÉCNICO; PARTICIPATIVO Y PROSPECTIVO ORIENTADO A ESTRUCTURAR LOS COMPONENTES ESTRATÉGICOS; PROGRAMÁTICOS Y DE GOBERNANZA DEL PLAN COMO INSTRUMENTO DE PLANEACIÓN DE LARGO PLAZO EN EL MARCO DEL PRO";https://community.secop.gov.co/Public/Tendering/OpportunityDetail/Index?noticeUID=CO1.NTC.10078982&isFromPublicArea=True&isModal=true&asPopupView=true
NO;DESCARTADO en revision manual;"Alianzas de cooperación internacional; UNSPSC de eventos mal asignado";A_PROVEEDOR_SERVICIO;CO1.PCCNTR.9234024;1.310.19.18-5922-2026;MEDIA;LOGISTICA_EVENTOS;SECRETARIA DE DESARROLLO ECONOMICO Y COMPETITIVIDAD;8903990295;Otro;Contratación directa;V1.80141900;FONDO MIXTO CARTAGO;NIT;901726012;;;;;200000000;0;2026-01-28;2026-01-29;2026-08-15;46;Modificado;1;1;46;"PRESTAR SERVICIOS PARA LA PROMOCIÓN E IMPLEMENTACIÓN DE ACCIONES TÉCNICAS Y ESTRATÉGICAS QUE CONTRIBUYAN AL FORTALECIMIENTO DE LOS PROCESOS DE GESTIÓN; ARTICULACIÓN Y FORMALIZACIÓN DE ALIANZAS Y CONVENIOS DE COOPERACIÓN INTERNACIONAL; EN EL MARCO DEL PROYECTO DENOMINADO INCREMENTO DE CAPACIDADES INSTITUCIONALES EN COOPERACIÓN INTERNACIONAL EN EL VALLE DEL CAUCA";https://community.secop.gov.co/Public/Tendering/OpportunityDetail/Index?noticeUID=CO1.NTC.9865967&isFromPublicArea=True&isModal=true&asPopupView=true
NO;DESCARTADO en revision manual;"Atracción de inversión; UNSPSC de eventos mal asignado";A_PROVEEDOR_SERVICIO;CO1.PCCNTR.9236145;1.310.19.18-5920-2026;MEDIA;LOGISTICA_EVENTOS;SECRETARIA DE DESARROLLO ECONOMICO Y COMPETITIVIDAD;8903990295;Prestación de servicios;Contratación directa;V1.80141501;INVEST PACIFIC;NIT;900394591;;;;;150000000;0;2026-01-29;2026-01-29;2026-06-30;0;Modificado;2;1;0;"PRESTAR SERVICIOS PARA IMPULSAR EL DESARROLLO ECONÓMICO Y LA GENERACIÓN DE EMPLEO DE CALIDAD EN EL VALLE DEL CAUCA; ASÍ COMO POSICIONAR AL DEPARTAMENTO COMO UN DESTINO COMPETITIVO PARA LOS NEGOCIOS Y PROMOVER EL FORTALECIMIENTO DEL TEJIDO EMPRESARIAL A TRAVÉS DE LA ATRACCIÓN Y PROMOCIÓN DE INVERSIÓN NACIONAL E INTERNACIONAL; EN EL MARCO DEL PROYECTO DENOMINADO FORTALECIMIENTO DEL TEJIDO EMPRESARIAL Y DESARROLLO DE ESTRATEGIAS DE NEGOCIACIÓN EN EL VALLE DEL CAUCA";https://community.secop.gov.co/Public/Tendering/OpportunityDetail/Index?noticeUID=CO1.NTC.9868045&isFromPublicArea=True&isModal=true&asPopupView=true
NO;DESCARTADO en revision manual;"CPS de apoyo en bibliotecas; UNSPSC 78111501 mal asignado";A_PROVEEDOR_SERVICIO;CO1.PCCNTR.8841335;4148.010.26.1.0376-2026;MEDIA;TRANSPORTE_VIAJES;SANTIAGO DE CALI  DISTRITO ESPECIAL - SECRETARIA DE CULTURA;890399011;Prestación de servicios;Contratación directa;V1.78111501;Jorge Ivan Duran Pantoja;NIT;1130648453;;;;;13960000;0;2026-01-12;2026-01-15;2026-06-15;45;Modificado;2;2;91;"PRESTACIÓN DE SERVICIOS COMO APOYO A LA GESTIÓN EN LA SECRETARÍA DE CULTURA DE CONFORMIDAD CON EL PROYECTO DE INVERSIÓN:FORTALECIMIENTO DE LOS PROCESOS DE LECTURA; ESCRITURA Y ORALIDAD EN LOS ESPACIOS BIBLIOTECARIOS ADSCRITOS A LA RED DE BIBLIOTECAS PÚBLICAS DE SANTIAGO DE CALI BP26005318";https://community.secop.gov.co/Public/Tendering/OpportunityDetail/Index?noticeUID=CO1.NTC.9471317&isFromPublicArea=True&isModal=true&asPopupView=true
NO;DESCARTADO en revision manual;"CPS profesional en gestión administrativa; UNSPSC 78111600 (transporte) mal asignado";B_CPS_PERSONA;CO1.PCCNTR.8869878;1.210.19.13.3021;MEDIA;TRANSPORTE_VIAJES;GOBERNACION DEL VALLE DEL CAUCA - SECRETARIA DE EDUCACION;890399029;Prestación de servicios;Contratación directa;V1.78111600;LUZ DORIAN CRUZ VALDES;Cédula de Ciudadanía;31842245;;;;;46200000;0;2026-01-14;2026-01-19;2026-06-30;0;En ejecución;0;0;0;PRESTAR LOS SERVICIOS COMO PROFESIONAL ESPECIALIZADO DENTRO DEL PROYECTO: MANTENIMIENTO DE LA GESTIÓN ADMINISTRATIVA EN LA SECRETARÍA DE EDUCACIÓN DEL VALLE DEL CAUCA;https://community.secop.gov.co/Public/Tendering/OpportunityDetail/Index?noticeUID=CO1.NTC.9500283&isFromPublicArea=True&isModal=true&asPopupView=true
NO;DESCARTADO en revision manual;"CPS profesional en gestión administrativa; UNSPSC 78111600 mal asignado";B_CPS_PERSONA;CO1.PCCNTR.8870077;1.210.19.13.3027;MEDIA;TRANSPORTE_VIAJES;GOBERNACION DEL VALLE DEL CAUCA - SECRETARIA DE EDUCACION;890399029;Prestación de servicios;Contratación directa;V1.78111600;MARCELA TOVAR LEÓN;Cédula de Ciudadanía;25288247;;;;;46200000;0;2026-01-14;2026-01-19;2026-06-30;0;En ejecución;0;0;0;PRESTAR LOS SERVICIOS COMO PROFESIONAL DENTRO DEL PROYECTO: MANTENIMIENTO DE LA GESTIÓN ADMINISTRATIVA EN LA SECRETARÍA DE EDUCACIÓN DEL VALLE DEL CAUCA;https://community.secop.gov.co/Public/Tendering/OpportunityDetail/Index?noticeUID=CO1.NTC.9500088&isFromPublicArea=True&isModal=true&asPopupView=true
NO;DESCARTADO en revision manual;"CPS profesional en procesos de paz; UNSPSC 78111600 mal asignado";B_CPS_PERSONA;CO1.PCCNTR.8927617;1.420.19.13-1162;MEDIA;TRANSPORTE_VIAJES;SECRETARIA DE PAZ TERRITORIAL Y RECONCILIACIÓN;890399029;Prestación de servicios;Contratación directa;V1.78111600;DANIELA RODRIGUEZ RAMIREZ;Cédula de Ciudadanía;1144064394;;;;;30000000;30000000;2026-01-16;2026-01-16;2026-06-30;0;Modificado;1;1;0;PRESTACION DE SERVICIOS PROFESIONALES EN LA SECRETARIA DE PAZ TERRITORIAL Y RECONCILIACION EN EL MARCO DEL PROYECTO FORTALECIMIENTO DEL TEJIDO SOCIAL A TRAVÉS DEL ACOMPAÑAMIENTO A PROCESOS SOCIO-COMUNITARIOS JUVENILES CONSTRUCTORES DE PAZ URBANA Y RURAL EN EL DEPARTAMENTO DEL VALLE DEL CAUCA.;https://community.secop.gov.co/Public/Tendering/OpportunityDetail/Index?noticeUID=CO1.NTC.9556840&isFromPublicArea=True&isModal=true&asPopupView=true
NO;DESCARTADO en revision manual;"CPS profesional, objeto genérico; UNSPSC 81141500 mal asignado";B_CPS_PERSONA;CO1.PCCNTR.9130630;4143.010.26.1.0881.2026;MEDIA;LOGISTICA_EVENTOS;SECRETARIA DE EDUCACION DE CALI;890399011;Prestación de servicios;Contratación directa;V1.81141500;WILLIAM BRYAND VELEZ AVILA;Cédula de Ciudadanía;1107064373;;;;;28315000;0;2026-01-25;2026-02-03;2026-06-30;30;Modificado;1;1;30;Prestación de servicios profesionales a favor de la Secretaría de Educación Distrital de Santiago de Cali.;https://community.secop.gov.co/Public/Tendering/OpportunityDetail/Index?noticeUID=CO1.NTC.9765746&isFromPublicArea=True&isModal=true&asPopupView=true
NO;DESCARTADO en revision manual;"CPS profesional en ruta de atencion a VBG; UNSPSC 78111600 mal asignado";B_CPS_PERSONA;CO1.PCCNTR.8929017;1.260.19.13-2866;MEDIA;TRANSPORTE_VIAJES;GOBERNACION DEL VALLE- SECRETARIA DE MUJER, EQUIDAD DE GENERO Y DIVERSIDAD SEXUAL;890399029;Prestación de servicios;Contratación directa;V1.78111600;Eiber Hernan Garcia Gallego;Cédula de Ciudadanía;10189501;;;;;24000000;20000000;2026-01-16;2026-01-16;2026-06-30;0;Modificado;1;1;0;"En desarrollo del proyectoFORTALECIMIENTO DE LA RUTA DE ATENCIÓN PARA VÍCTIMAS DE VIOLENCIAS BASADAS EN GÉNERO EN EL VALLE DEL CAUCA.contratar la prestación de servicios PROFESIONALES para la Secretaría de Mujer; Equidad de Género y Diversidad Sexual del Departamento del Valle del Cauca ; con el fin de lograr las metas de resultados y de producto del proyecto.";https://community.secop.gov.co/Public/Tendering/OpportunityDetail/Index?noticeUID=CO1.NTC.9562528&isFromPublicArea=True&isModal=true&asPopupView=true
NO;DESCARTADO en revision manual;"CPS profesional, objeto genérico; UNSPSC 81141500 mal asignado";B_CPS_PERSONA;CO1.PCCNTR.9130417;4143.010.26.1.0865.2026;MEDIA;LOGISTICA_EVENTOS;SECRETARIA DE EDUCACION DE CALI;890399011;Prestación de servicios;Contratación directa;V1.81141500;Marizolandi Idrobo Ramirez;Cédula de Ciudadanía;31964827;;;;;19735000;0;2026-01-25;2026-02-03;2026-06-30;30;Modificado;1;1;30;Prestación de servicios profesionales a favor de la Secretaría de Educación Distrital de Santiago de Cali.;https://community.secop.gov.co/Public/Tendering/OpportunityDetail/Index?noticeUID=CO1.NTC.9765635&isFromPublicArea=True&isModal=true&asPopupView=true
NO;DESCARTADO en revision manual;"CPS asistencial en asuntos étnicos; UNSPSC 78111701 mal asignado";B_CPS_PERSONA;CO1.PCCNTR.9647682;1.240.19.13-6773;MEDIA;TRANSPORTE_VIAJES;GOBERNACION DEL VALLE - SECRETARIA DE ASUNTOS ETNICOS;890399029;Prestación de servicios;Contratación directa;V1.78111701;LILIANA MORENO VIVEROS;Cédula de Ciudadanía;38670418;;;;;2500000;0;2026-07-11;2026-07-14;2026-07-31;0;En ejecución;0;0;0;"PRESTAR LOS SERVICIOS DE APOYO A LA GESTION CO ASISTENCIAL EN LA SECRETARIA DE ASUNTOS ETNICOS DENTRO DEL MARCO DEL PROYECTO DENOMINADO FORTALECIMIENTO DE LA IDENTIDAD Y DEL EJERCICIO DE DERECHOS ÉTNICOS DE LAS COMUNIDADES NEGRAS; AFROCOLOMBIANAS; RAIZALES Y PALENQUERAS EN EL VALLE DEL CAUCA.";https://community.secop.gov.co/Public/Tendering/OpportunityDetail/Index?noticeUID=CO1.NTC.10495599&isFromPublicArea=True&isModal=true&asPopupView=true
